"CUSTOMER_ID","ENGAGEMENT_TYPE_ID","FREQUENCY_ID"
492,1,2
493,2,2
494,1,5
495,3,5
496,2,2
497,5,5
498,4,5
499,3,3
500,2,5
501,1,5
502,4,1
503,2,5
504,5,3
505,5,1
506,1,3
507,1,3
508,2,5
509,1,3
510,4,3
511,2,3
512,5,4
513,3,2
514,2,1
515,5,1
516,4,4
517,5,3
518,5,4
519,3,1
520,5,4
521,4,2
522,4,2
523,1,1
524,4,4
525,4,4
526,4,4
527,3,1
528,5,1
529,1,1
530,2,2
531,3,1
532,1,4
533,5,4
534,5,5
535,5,5
536,2,1
537,4,1
538,5,5
539,4,4
540,5,3
541,3,1
542,5,4
543,1,1
544,2,4
545,2,3
546,1,4
547,1,5
548,2,3
549,4,3
550,1,5
551,3,5
552,3,2
553,4,3
554,4,1
555,4,1
556,1,5
557,4,4
558,3,1
559,5,4
560,4,2
561,1,2
562,5,3
563,2,5
564,2,5
565,4,1
566,4,3
567,3,4
568,5,2
569,1,1
570,2,2
571,3,5
572,3,5
573,1,4
574,1,5
575,3,2
576,5,5
577,2,3
578,2,3
579,3,4
580,5,3
581,4,1
582,2,1
583,3,4
584,2,2
585,1,3
586,4,5
587,4,1
588,4,2
589,5,4
590,5,5
591,4,4
592,5,5
593,5,4
594,5,2
595,3,5
596,1,4
597,3,5
598,3,1
599,4,2
600,4,3
601,2,3
602,5,1
603,5,1
604,3,2
605,5,5
606,3,4
607,5,3
608,3,5
609,3,4
610,5,3
611,4,5
612,1,1
613,4,3
614,1,1
615,5,4
616,4,1
617,2,5
618,4,1
619,1,5
620,2,3
621,4,4
622,2,4
623,2,3
624,4,2
625,3,5
626,2,1
627,2,3
628,5,3
629,4,4
630,1,3
631,2,1
632,5,4
633,3,1
634,2,3
635,3,3
636,5,2
637,1,5
638,3,4
639,2,5
640,3,2
641,2,2
642,1,4
643,1,4
644,3,3
645,2,5
646,1,5
647,3,2
648,1,3
649,5,3
650,4,1
651,1,4
652,5,3
653,2,3
654,3,2
655,2,4
656,2,1
657,3,3
658,1,2
659,1,2
660,2,3
661,3,3
662,3,1
663,3,2
664,5,1
665,3,2
666,4,4
667,4,2
668,3,1
669,4,5
670,4,3
671,4,2
672,1,3
673,5,3
674,2,1
675,4,3
676,4,2
677,5,4
678,1,3
679,3,2
680,5,3
681,5,2
682,4,4
683,3,1
684,1,1
685,1,3
686,2,2
687,5,4
688,4,1
689,1,1
690,4,1
691,5,5
692,4,2
693,4,3
694,5,1
695,3,5
696,2,4
697,4,5
698,3,4
699,5,4
700,2,5
701,2,4
702,5,5
703,2,5
704,5,5
705,2,2
706,1,2
707,4,4
708,2,2
709,5,3
710,5,4
711,1,2
712,4,2
713,5,4
714,2,5
715,1,3
716,4,2
717,2,3
718,4,2
719,3,5
720,2,1
721,4,3
722,2,2
723,3,5
724,1,3
725,2,3
726,5,5
727,1,3
728,3,2
729,4,4
730,2,3
731,4,1
732,3,1
733,1,4
734,4,3
735,3,4
736,1,5
737,2,4
738,1,5
739,2,5
740,1,5
741,4,2
742,4,5
743,4,2
744,4,1
745,4,1
746,5,4
747,2,1
748,4,4
749,2,1
750,1,1
751,3,4
752,3,5
753,4,1
754,4,5
755,2,2
756,1,1
757,1,2
758,2,5
759,4,1
760,2,1
761,5,3
762,1,3
763,4,4
764,3,1
765,5,1
766,3,5
767,1,3
768,2,4
769,5,4
770,3,3
771,5,2
772,4,1
773,5,3
774,4,1
775,5,1
776,1,4
777,3,5
778,1,1
779,2,1
780,4,5
781,5,1
782,2,3
783,5,4
784,1,3
785,4,5
786,4,5
787,1,4
788,2,4
789,5,1
790,1,2
791,2,2
792,4,3
793,2,1
794,4,4
795,1,5
796,5,1
797,1,5
798,2,1
799,4,5
800,1,1
801,2,2
802,3,5
803,3,4
804,1,4
805,4,1
806,4,5
807,2,4
808,2,4
809,5,3
810,3,3
811,1,1
812,3,4
813,3,5
814,1,4
815,5,3
816,4,5
817,1,3
818,2,4
819,5,1
820,3,3
821,1,2
822,3,1
823,2,1
824,5,3
825,1,3
826,2,4
827,4,4
828,3,3
829,1,1
830,4,1
831,3,3
832,5,2
833,1,5
834,3,5
835,4,2
836,1,3
837,2,3
838,1,2
839,5,2
840,5,3
841,4,4
842,3,2
843,2,5
844,5,3
845,4,1
846,1,3
847,1,5
848,4,5
849,2,1
850,5,1
851,1,4
852,4,1
853,3,5
854,4,4
855,3,4
856,3,5
857,5,1
858,2,4
859,1,4
860,5,5
861,2,5
862,3,1
863,4,4
864,2,2
865,3,4
866,2,2
867,3,2
868,4,1
869,1,5
870,4,2
871,4,3
872,3,1
873,1,1
874,5,1
875,1,4
876,4,4
877,5,2
878,5,1
879,5,2
880,1,1
881,4,2
882,1,5
883,1,3
884,4,1
885,5,4
886,2,5
887,2,3
888,4,1
889,1,5
890,2,3
891,4,5
892,5,3
893,1,4
894,2,3
895,3,4
896,1,5
897,5,2
898,1,5
899,5,2
900,2,2
901,3,2
902,3,1
903,4,1
904,5,1
905,1,4
906,1,3
907,3,2
908,4,5
909,3,3
910,1,2
911,4,5
912,5,2
913,1,4
914,3,2
915,5,2
916,3,4
917,3,4
918,4,2
919,4,5
920,4,1
921,1,5
922,4,1
923,4,2
924,4,1
925,3,2
926,2,3
927,3,2
928,3,5
929,5,5
930,1,4
931,3,3
932,3,1
933,3,1
934,2,2
935,3,4
936,4,5
937,2,2
938,4,1
939,1,2
940,1,1
941,1,4
942,1,4
943,4,5
944,2,1
945,2,4
946,5,3
947,4,4
948,2,1
949,2,5
950,2,2
951,5,1
952,4,1
953,1,4
954,1,4
955,4,4
956,1,1
957,4,5
958,3,1
959,3,4
960,4,2
961,1,2
962,5,3
963,3,2
964,4,2
965,5,4
966,2,4
967,2,5
968,3,5
969,2,1
970,5,5
971,4,3
972,1,2
973,2,5
974,2,1
975,4,4
976,5,1
977,4,4
978,3,3
979,5,2
980,2,3
981,4,4
982,4,4
983,2,3
984,4,2
985,2,3
986,5,5
987,2,3
988,2,4
989,2,2
990,3,2
991,3,5
992,1,5
993,2,2
994,3,3
995,4,2
996,5,4
997,3,4
998,4,1
999,3,5
1000,1,1
1001,1,1
1002,5,1
1003,1,3
1004,3,5
1005,2,4
1006,5,4
1007,2,1
1008,4,5
1009,1,5
1010,3,4
1011,2,1
1012,4,3
1013,2,5
1014,5,5
1015,1,2
1016,3,4
1017,2,2
1018,1,4
1019,2,5
1020,1,2
1021,1,4
1022,3,3
1023,1,2
1024,3,5
1025,5,3
1026,5,3
1027,1,4
1028,1,4
1029,2,5
1030,5,4
1031,1,5
1032,1,5
1033,5,2
1034,1,3
1035,4,4
1036,2,4
1037,1,4
1038,5,3
1039,5,1
1040,2,4
1041,3,1
1042,3,4
1043,2,5
1044,4,1
1045,1,4
1046,1,3
1047,4,1
1048,1,4
1049,1,4
1050,3,5
1051,1,2
1052,1,2
1053,1,3
1054,3,1
1055,4,4
1056,5,1
1057,1,2
1058,5,1
1059,5,4
1060,3,3
1061,1,4
1062,3,1
1063,2,2
1064,5,1
1065,2,5
1066,3,2
1067,3,2
1068,1,4
1069,3,5
1070,4,3
1071,4,2
1072,5,2
1073,5,4
1074,5,3
1075,4,5
1076,4,3
1077,5,1
1078,4,4
1079,3,1
1080,2,3
1081,1,3
1082,1,1
1083,5,3
1084,4,5
1085,5,5
1086,3,3
1087,3,5
1088,1,3
1089,1,5
1090,5,4
1091,3,1
1092,1,3
1093,1,1
1094,5,1
1095,1,1
1096,1,3
1097,1,4
1098,4,5
1099,3,5
1100,4,1
1101,5,5
1102,4,5
1103,5,4
1104,5,5
1105,5,4
1106,3,4
1107,4,1
1108,5,2
1109,5,2
1110,5,3
1111,4,3
1112,4,4
1113,4,1
1114,3,5
1115,4,1
1116,4,4
1117,2,1
1118,4,2
1119,3,2
1120,3,2
1121,1,5
1122,4,2
1123,2,2
1124,3,2
1125,4,3
1126,4,2
1127,5,3
1128,2,2
1129,2,3
1130,4,5
1131,3,5
1132,3,1
1133,5,4
1134,3,4
1135,1,2
1136,2,1
1137,5,2
1138,3,5
1139,5,2
1140,1,5
1141,4,2
1142,5,5
1143,1,1
1144,4,1
1145,5,4
1146,3,4
1147,5,4
1148,4,2
1149,2,2
1150,4,2
1151,3,1
1152,3,5
1153,3,5
1154,5,2
1155,2,4
1156,2,1
1157,3,5
1158,4,5
1159,4,5
1160,5,2
1161,1,4
1162,3,5
1163,3,2
1164,4,4
1165,3,1
1166,4,1
1167,5,1
1168,4,2
1169,2,3
1170,2,3
1171,4,1
1172,1,5
1173,3,2
1174,1,5
1175,4,4
1176,2,2
1177,3,1
1178,3,4
1179,4,5
1180,2,4
1181,5,5
1182,4,3
1183,5,5
1184,3,2
1185,1,2
1186,3,2
1187,1,3
1188,3,1
1189,1,3
1190,2,2
1191,3,1
1192,5,4
1193,4,2
1194,4,5
1195,4,1
1196,2,4
1197,1,4
1198,1,1
1199,2,1
1200,3,2
1201,2,1
1202,4,1
1203,1,1
1204,5,1
1205,1,5
1206,3,3
1207,3,4
1208,5,5
1209,3,5
1210,1,2
1211,1,2
1212,5,3
1213,1,4
1214,3,2
1215,1,1
1216,5,2
1217,4,5
1218,5,5
1219,3,4
1220,4,5
1221,1,3
1222,3,4
1223,4,1
1224,2,1
1225,3,4
1226,1,4
1227,5,2
1228,5,2
1229,4,4
1230,2,2
1231,3,4
1232,5,5
1233,3,1
1234,1,4
1235,5,4
1236,3,5
1237,3,2
1238,3,5
1239,1,3
1240,4,3
1241,3,3
1242,2,1
1243,5,5
1244,4,5
1245,2,3
1246,1,5
1247,3,1
1248,3,5
1249,5,1
1250,1,2
1251,3,2
1252,3,5
1253,2,4
1254,3,2
1255,5,5
1256,4,4
1257,4,4
1258,4,2
1259,5,2
1260,2,3
1261,3,1
1262,2,3
1263,4,1
1264,1,2
1265,1,3
1266,5,2
1267,1,1
1268,4,5
1269,1,1
1270,3,1
1271,3,2
1272,3,3
1273,5,4
1274,3,3
1275,5,5
1276,1,3
1277,2,2
1278,3,2
1279,2,2
1280,2,2
1281,2,3
1282,2,5
1283,1,3
1284,3,5
1285,2,2
1286,5,4
1287,2,5
1288,3,1
1289,5,4
1290,4,5
1291,2,2
1292,1,4
1293,5,1
1294,5,4
1295,1,5
1296,2,4
1297,2,1
1298,3,1
1299,2,3
1300,2,2
1301,1,4
1302,5,3
1303,3,4
1304,1,3
1305,3,2
1306,4,3
1307,1,1
1308,3,4
1309,3,2
1310,3,1
1311,3,2
1312,2,3
1313,2,1
1314,1,2
1315,5,2
1316,3,2
1317,4,3
1318,2,5
1319,2,2
1320,2,5
1321,1,5
1322,4,2
1323,5,1
1324,4,5
1325,5,3
1326,4,3
1327,5,5
1328,3,3
1329,2,1
1330,5,1
1331,2,3
1332,3,5
1333,3,2
1334,3,2
1335,1,2
1336,2,3
1337,2,3
1338,2,2
1339,4,4
1340,3,1
1341,1,3
1342,5,2
1343,5,2
1344,4,3
1345,2,3
1346,2,2
1347,3,5
1348,4,5
1349,4,5
1350,3,3
1351,5,5
1352,2,2
1353,1,1
1354,2,3
1355,2,5
1356,3,4
1357,2,2
1358,4,2
1359,4,4
1360,4,5
1361,3,5
1362,4,1
1363,3,3
1364,3,2
1365,4,4
1366,3,3
1367,3,1
1368,4,3
1369,5,4
1370,1,1
1371,1,1
1372,1,2
1373,2,1
1374,4,4
1375,1,2
1376,5,3
1377,1,5
1378,4,1
1379,5,3
1380,3,5
1381,1,4
1382,4,3
1383,4,1
1384,1,1
1385,4,4
1386,4,5
1387,1,1
1388,3,1
1389,1,3
1390,3,4
1391,1,1
1392,5,5
1393,4,3
1394,1,4
1395,1,3
1396,4,3
1397,5,2
1398,4,3
1399,1,1
1400,2,3
1401,2,4
1402,3,2
1403,4,5
1404,3,2
1405,1,2
1406,3,5
1407,3,3
1408,1,2
1409,5,5
1410,1,3
1411,3,3
1412,4,3
1413,4,1
1414,4,1
1415,2,1
1416,2,2
1417,1,3
1418,3,4
1419,2,4
1420,1,4
1421,1,4
1422,5,1
1423,5,2
1424,4,1
1425,3,2
1426,4,3
1427,4,4
1428,2,2
1429,1,1
1430,3,3
1431,3,2
1432,1,5
1433,3,2
1434,1,5
1435,5,1
1436,2,4
1437,3,4
1438,1,2
1439,4,2
1440,2,5
1441,4,1
1442,5,2
1443,1,2
1444,1,5
1445,5,2
1446,5,1
1447,5,5
1448,2,5
1449,2,3
1450,5,1
1451,2,4
1452,5,1
1453,1,1
1454,2,5
1455,5,1
1456,2,2
1457,1,2
1458,3,4
1459,4,2
1460,2,1
1461,1,2
1462,5,3
1463,1,2
1464,2,3
1465,5,4
1466,1,1
1467,4,3
1468,5,5
1469,2,5
1470,2,4
1471,3,4
1472,4,4
1473,3,2
1474,3,5
1475,4,4
1476,1,2
1477,1,4
1478,1,4
1479,4,3
1480,1,2
1481,3,2
1482,3,3
1483,5,4
1484,2,2
1485,4,2
1486,5,5
1487,5,5
1488,5,5
1489,2,2
1490,1,4
1491,4,4
1492,2,1
1493,2,2
1494,4,2
1495,3,1
1496,2,1
1497,1,5
1498,4,3
1499,2,5
1500,5,2
1501,4,3
1502,3,4
1503,1,1
1504,5,3
1505,3,3
1506,1,2
1507,5,4
1508,5,3
1509,1,5
1510,5,3
1511,3,2
1512,3,1
1513,4,1
1514,1,3
1515,4,5
1516,4,1
1517,5,5
1518,1,3
1519,1,5
1520,4,5
1521,5,5
1522,1,5
1523,2,5
1524,1,1
1525,5,1
1526,3,5
1527,2,5
1528,3,1
1529,5,4
1530,1,4
1531,1,1
1532,3,4
1533,1,1
1534,5,4
1535,3,5
1536,3,4
1537,3,4
1538,1,3
1539,3,1
1540,5,5
1541,5,5
1542,3,3
1543,3,3
1544,3,2
1545,4,5
1546,1,4
1547,4,1
1548,4,5
1549,1,2
1550,5,3
1551,5,4
1552,4,1
1553,2,5
1554,4,3
1555,3,2
1556,5,5
1557,3,5
1558,2,1
1559,4,3
1560,3,2
1561,2,1
1562,4,4
1563,3,5
1564,5,4
1565,3,5
1566,1,4
1567,2,4
1568,2,5
1569,2,1
1570,4,3
1571,1,1
1572,1,3
1573,3,3
1574,2,3
1575,4,4
1576,3,1
1577,5,3
1578,2,4
1579,1,5
1580,5,5
1581,4,5
1582,2,1
1583,2,1
1584,1,1
1585,2,1
1586,5,5
1587,3,5
1588,5,5
1589,5,1
1590,2,2
1591,5,3
1592,3,1
1593,3,5
1594,4,5
1595,2,1
1596,2,1
1597,2,3
1598,3,2
1599,1,4
1600,1,4
1601,4,2
1602,3,4
1603,4,5
1604,3,1
1605,2,3
1606,2,5
1607,1,4
1608,5,5
1609,5,4
1610,5,1
1611,5,3
1612,5,1
1613,4,1
1614,1,3
1615,3,1
1616,2,2
1617,5,3
1618,2,3
1619,2,4
1620,1,1
1621,5,1
1622,2,2
1623,1,1
1624,1,3
1625,5,5
1626,3,2
1627,5,4
1628,5,2
1629,2,4
1630,3,1
1631,3,3
1632,2,1
1633,5,4
1634,4,3
1635,5,4
1636,1,1
1637,1,3
1638,5,4
1639,3,3
1640,1,1
1641,1,3
1642,4,3
1643,3,5
1644,5,2
1645,2,3
1646,3,4
1647,5,1
1648,3,4
1649,5,4
1650,5,4
1651,5,1
1652,5,2
1653,5,4
1654,3,3
1655,2,5
1656,5,1
1657,5,4
1658,1,2
1659,3,3
1660,3,3
1661,3,1
1662,5,5
1663,4,5
1664,2,3
1665,3,4
1666,1,3
1667,2,2
1668,3,3
1669,4,4
1670,4,5
1671,2,2
1672,4,2
1673,3,1
1674,5,3
1675,4,5
1676,1,1
1677,2,5
1678,4,1
1679,2,3
1680,4,4
1681,3,4
1682,5,1
1683,5,2
1684,5,3
1685,4,3
1686,3,4
1687,5,4
1688,3,5
1689,4,3
1690,3,1
1691,1,2
1692,3,1
1693,3,4
1694,5,2
1695,5,1
1696,2,2
1697,5,1
1698,4,1
1699,4,5
1700,2,1
1701,2,4
1702,5,5
1703,2,1
1704,1,1
1705,1,1
1706,2,3
1707,2,5
1708,1,2
1709,2,4
1710,5,2
1711,4,2
1712,4,4
1713,1,2
1714,4,3
1715,2,4
1716,4,5
1717,3,4
1718,2,5
1719,3,3
1720,4,1
1721,3,1
1722,3,3
1723,3,1
1724,3,3
1725,1,2
1726,3,1
1727,3,4
1728,5,1
1729,4,4
1730,2,3
1731,2,5
1732,1,5
1733,5,2
1734,5,3
1735,2,3
1736,1,5
1737,3,4
1738,5,2
1739,2,5
1740,5,1
1741,1,2
1742,4,1
1743,2,3
1744,2,3
1745,3,3
1746,5,1
1747,1,5
1748,2,2
1749,1,4
1750,5,4
1751,5,4
1752,5,5
1753,3,3
1754,5,3
1755,2,1
1756,3,3
1757,2,3
1758,3,5
1759,4,2
1760,5,3
1761,5,2
1762,3,2
1763,4,1
1764,5,2
1765,5,5
1766,4,3
1767,4,5
1768,5,4
1769,2,2
1770,2,5
1771,1,3
1772,4,4
1773,3,5
1774,2,5
1775,5,5
1776,5,3
1777,1,1
1778,4,5
1779,2,3
1780,3,2
1781,4,4
1782,5,2
1783,1,4
1784,5,5
1785,5,5
1786,3,1
1787,3,1
1788,2,2
1789,3,2
1790,3,5
1791,4,1
1792,5,5
1793,3,3
1794,3,1
1795,4,5
1796,4,2
1797,3,2
1798,3,4
1799,1,3
1800,4,4
1801,1,2
1802,5,4
1803,1,5
1804,4,5
1805,4,4
1806,4,5
1807,1,3
1808,5,4
1809,4,2
1810,5,1
1811,3,1
1812,3,5
1813,1,1
1814,4,4
1815,5,3
1816,2,5
1817,5,4
1818,2,3
1819,2,3
1820,5,5
1821,3,3
1822,5,3
1823,1,2
1824,4,5
1825,3,1
1826,3,4
1827,4,3
1828,1,1
1829,2,5
1830,1,3
1831,1,5
1832,2,5
1833,4,4
1834,1,1
1835,5,5
1836,4,1
1837,2,4
1838,5,4
1839,1,2
1840,4,3
1841,3,4
1842,4,1
1843,2,4
1844,2,1
1845,5,5
1846,5,4
1847,5,4
1848,1,1
1849,1,4
1850,1,2
1851,4,4
1852,2,5
1853,4,4
1854,1,5
1855,5,2
1856,1,2
1857,5,5
1858,3,2
1859,5,4
1860,5,1
1861,2,4
1862,4,2
1863,2,5
1864,3,3
1865,5,1
1866,1,4
1867,3,4
1868,5,1
1869,3,3
1870,4,2
1871,3,3
1872,2,2
1873,5,5
1874,1,1
1875,1,1
1876,1,1
1877,4,1
1878,2,5
1879,4,4
1880,1,1
1881,5,4
1882,2,4
1883,1,4
1884,1,3
1885,4,4
1886,3,4
1887,4,5
1888,4,5
1889,2,5
1890,2,5
1891,2,1
1892,3,5
1893,2,2
1894,5,2
1895,5,2
1896,3,1
1897,1,3
1898,3,1
1899,3,3
1900,2,1
1901,2,3
1902,1,3
1903,5,1
1904,1,2
1905,4,5
1906,2,1
1907,3,2
1908,5,1
1909,4,1
1910,2,3
1911,2,2
1912,4,2
1913,2,5
1914,3,4
1915,4,3
1916,2,5
1917,3,5
1918,1,5
1919,2,1
1920,5,2
1921,3,3
1922,4,2
1923,5,1
1924,2,1
1925,3,3
1926,4,3
1927,1,4
1928,1,1
1929,4,1
1930,3,5
1931,1,1
1932,4,2
1933,2,5
1934,5,5
1935,5,2
1936,4,2
1937,4,2
1938,4,2
1939,3,1
1940,2,5
1941,5,3
1942,2,4
1943,5,1
1944,4,3
1945,3,4
1946,5,5
1947,4,2
1948,2,3
1949,2,3
1950,5,1
1951,5,4
1952,5,3
1953,4,5
1954,3,1
1955,1,2
1956,5,2
1957,4,2
1958,2,4
1959,4,3
1960,2,1
1961,1,4
1962,1,4
1963,3,5
1964,5,4
1965,1,2
1966,3,4
1967,2,5
1968,2,3
1969,3,5
1970,5,3
1971,1,1
1972,5,3
1973,3,3
1974,4,4
1975,5,5
1976,5,5
1977,5,5
1978,3,1
1979,2,2
1980,1,4
1981,3,5
1982,1,3
1983,5,5
1984,1,1
1985,4,2
1986,3,2
1987,5,4
1988,4,1
1989,2,4
1990,2,1
1991,1,5
1992,5,3
1993,4,2
1994,5,1
1995,1,2
1996,5,3
1997,1,3
1998,3,2
1999,5,3
2000,1,1
2001,3,4
2002,4,1
2003,4,5
2004,2,2
2005,3,4
2006,1,2
2007,5,5
2008,4,3
2009,2,1
2010,4,5
2011,1,4
2012,3,3
2013,4,3
2014,4,1
2015,2,1
2016,1,2
2017,3,3
2018,1,1
2019,5,5
2020,2,3
2021,4,2
2022,1,4
2023,2,4
2024,4,3
2025,1,1
2026,5,4
2027,2,2
2028,3,5
2029,2,4
2030,3,5
2031,5,3
2032,4,1
2033,4,4
2034,3,2
2035,5,5
2036,5,2
2037,5,4
2038,2,2
2039,3,5
2040,2,5
2041,4,4
2042,3,5
2043,2,4
2044,4,5
2045,4,1
2046,1,5
2047,4,2
2048,4,1
2049,1,2
2050,4,5
2051,4,1
2052,5,2
2053,3,2
2054,3,2
2055,2,2
2056,5,2
2057,1,1
2058,3,3
2059,5,4
2060,3,4
2061,1,1
2062,3,5
2063,1,4
2064,4,5
2065,2,5
2066,1,2
2067,3,4
2068,1,1
2069,4,5
2070,4,2
2071,1,5
2072,5,1
2073,4,1
2074,4,5
2075,3,3
2076,2,1
2077,1,4
2078,1,3
2079,2,3
2080,2,3
2081,5,4
2082,4,5
2083,5,4
2084,2,2
2085,2,3
2086,1,3
2087,3,5
2088,1,4
2089,1,3
2090,1,1
2091,4,1
2092,1,5
2093,3,3
2094,2,1
2095,4,1
2096,1,4
2097,5,3
2098,2,4
2099,2,3
2100,1,3
2101,3,1
2102,4,3
2103,1,4
2104,2,5
2105,2,1
2106,1,2
2107,2,1
2108,4,1
2109,5,4
2110,1,3
2111,2,3
2112,3,3
2113,4,3
2114,5,2
2115,4,5
2116,5,2
2117,1,1
2118,2,4
2119,3,5
2120,5,2
2121,1,4
2122,3,1
2123,4,1
2124,3,1
2125,3,2
2126,3,4
2127,3,3
2128,3,1
2129,4,5
2130,3,4
2131,5,2
2132,3,3
2133,2,4
2134,2,5
2135,3,4
2136,2,2
2137,1,3
2138,5,2
2139,1,3
2140,1,5
2141,5,5
2142,5,4
2143,1,5
2144,2,1
2145,4,1
2146,1,3
2147,5,5
2148,2,3
2149,5,4
2150,5,4
2151,2,1
2152,4,2
2153,1,5
2154,4,5
2155,5,3
2156,5,5
2157,5,3
2158,1,2
2159,4,4
2160,1,3
2161,2,5
2162,3,1
2163,1,4
2164,1,1
2165,2,4
2166,4,1
2167,4,5
2168,3,5
2169,2,2
2170,1,1
2171,2,3
2172,1,5
2173,3,1
2174,5,4
2175,4,4
2176,3,5
2177,3,1
2178,2,4
2179,2,4
2180,5,2
2181,2,3
2182,3,2
2183,1,5
2184,2,4
2185,4,2
2186,1,2
2187,1,3
2188,2,5
2189,4,4
2190,1,1
2191,4,5
2192,5,4
2193,3,3
2194,3,4
2195,4,2
2196,4,5
2197,4,3
2198,4,5
2199,1,1
2200,2,5
2201,2,4
2202,1,3
2203,5,1
2204,3,5
2205,3,3
2206,2,1
2207,3,4
2208,2,1
2209,4,5
2210,5,3
2211,1,5
2212,4,3
2213,2,2
2214,4,4
2215,5,4
2216,3,3
2217,3,2
2218,2,4
2219,4,2
2220,1,5
2221,4,2
2222,4,1
2223,5,4
2224,4,1
2225,2,2
2226,4,5
2227,5,4
2228,5,1
2229,1,5
2230,2,4
2231,3,2
2232,2,3
2233,5,5
2234,4,3
2235,3,2
2236,5,4
2237,4,5
2238,4,1
2239,2,4
2240,4,4
2241,5,4
2242,2,1
2243,5,5
2244,5,2
2245,1,5
2246,4,2
2247,1,5
2248,5,1
2249,1,1
2250,1,3
2251,5,1
2252,3,4
2253,2,2
2254,3,4
2255,1,3
2256,1,5
2257,3,3
2258,5,5
2259,1,2
2260,4,1
2261,5,4
2262,2,4
2263,5,2
2264,3,1
2265,2,4
2266,2,5
2267,3,3
2268,5,5
2269,2,1
2270,2,2
2271,5,1
2272,4,2
2273,4,4
2274,5,4
2275,1,2
2276,2,3
2277,2,3
2278,5,4
2279,3,3
2280,5,2
2281,3,3
2282,2,3
2283,2,5
2284,2,2
2285,1,1
2286,3,3
2287,5,4
2288,3,3
2289,2,1
2290,3,1
2291,2,3
2292,3,3
2293,1,2
2294,3,5
2295,5,5
2296,5,3
2297,5,4
2298,5,2
2299,1,3
2300,5,4
2301,1,2
2302,4,2
2303,5,1
2304,1,5
2305,5,1
2306,3,5
2307,4,2
2308,1,5
2309,3,1
2310,1,4
2311,2,2
2312,4,2
2313,3,3
2314,4,2
2315,4,2
2316,2,5
2317,4,2
2318,2,3
2319,2,5
2320,1,4
2321,1,5
2322,5,5
2323,1,5
2324,5,2
2325,2,2
2326,3,1
2327,3,3
2328,3,1
2329,1,3
2330,2,4
2331,5,5
2332,1,1
2333,3,1
2334,3,3
2335,2,1
2336,5,5
2337,3,1
2338,3,4
2339,2,2
2340,1,1
2341,3,5
2342,5,5
2343,1,2
2344,4,2
2345,4,4
2346,1,2
2347,1,4
2348,3,1
2349,3,4
2350,1,5
2351,1,3
2352,1,1
2353,2,3
2354,5,1
2355,1,2
2356,5,1
2357,2,5
2358,4,4
2359,5,2
2360,3,5
2361,4,1
2362,4,4
2363,5,5
2364,5,4
2365,5,1
2366,5,3
2367,3,2
2368,3,1
2369,5,4
2370,1,1
2371,4,2
2372,3,4
2373,2,5
2374,1,5
2375,3,1
2376,1,2
2377,3,5
2378,1,3
2379,5,4
2380,1,4
2381,3,5
2382,1,2
2383,3,4
2384,4,3
2385,3,4
2386,4,2
2387,5,5
2388,3,4
2389,4,4
2390,4,2
2391,1,5
2392,5,4
2393,2,4
2394,1,5
2395,3,4
2396,4,4
2397,5,5
2398,4,4
2399,5,1
2400,5,5
2401,5,5
2402,3,4
2403,1,1
2404,4,2
2405,2,2
2406,1,3
2407,4,5
2408,3,4
2409,2,4
2410,2,5
2411,3,2
2412,3,4
2413,5,1
2414,2,1
2415,2,1
2416,3,3
2417,3,5
2418,5,5
2419,1,2
2420,5,2
2421,4,2
2422,5,3
2423,1,4
2424,5,1
2425,1,5
2426,3,4
2427,3,3
1,4,3
2,5,2
3,5,1
4,5,3
5,5,2
6,3,2
7,4,5
8,4,4
9,3,2
10,3,4
11,1,1
12,1,5
13,1,2
14,2,3
15,5,2
16,2,5
17,5,1
18,2,1
19,2,5
20,5,1
21,2,3
22,4,3
23,5,2
24,1,1
25,1,4
26,1,1
27,5,4
28,4,5
29,1,2
30,3,2
31,4,2
32,3,1
33,4,4
34,5,3
35,1,1
36,1,1
37,1,5
38,4,2
39,3,3
40,3,2
41,1,4
42,4,3
43,1,5
44,3,1
45,5,5
46,2,5
47,2,5
48,3,2
49,3,2
50,2,2
51,3,5
52,4,3
53,4,2
54,4,5
55,3,5
56,1,4
57,3,3
58,4,4
59,3,4
60,1,4
61,1,4
62,2,2
63,4,3
64,4,1
65,2,5
66,4,5
67,3,1
68,5,2
69,4,1
70,5,1
71,3,1
72,5,4
73,2,4
74,1,2
75,1,2
76,5,3
77,1,5
78,4,5
79,4,5
80,1,4
81,5,3
82,3,5
83,2,1
84,2,1
85,3,3
86,3,4
87,2,2
88,2,4
89,2,5
90,3,5
91,1,4
92,2,4
93,1,4
94,2,5
95,2,4
96,2,3
97,3,4
98,5,5
99,4,4
100,4,5
101,5,4
102,5,1
103,4,3
104,2,4
105,3,4
106,1,2
107,3,3
108,3,4
109,2,1
110,1,3
111,5,3
112,1,2
113,1,5
114,5,3
115,5,5
116,2,1
117,3,5
118,4,4
119,3,3
120,1,5
121,4,1
122,4,4
123,4,1
124,2,3
125,3,4
126,3,4
127,3,1
128,5,4
129,5,1
130,1,5
131,2,3
132,3,5
133,5,5
134,4,1
135,1,3
136,5,4
137,1,4
138,4,2
139,4,3
140,5,5
141,2,5
142,3,2
143,5,1
144,1,3
145,5,3
146,5,1
147,1,4
148,3,4
149,1,5
150,5,1
151,2,1
152,1,4
153,1,5
154,1,5
155,3,4
156,3,5
157,3,2
158,5,4
159,5,2
160,1,1
161,4,3
162,1,2
163,5,1
164,5,1
165,5,5
166,3,4
167,1,1
168,5,4
169,1,1
170,4,4
171,2,2
172,5,3
173,5,1
174,5,4
175,1,1
176,4,3
177,3,4
178,3,1
179,3,5
180,2,2
181,4,4
182,1,1
183,4,4
184,2,5
185,5,2
186,3,2
187,1,3
188,5,1
189,2,1
190,1,4
191,4,2
192,1,3
193,3,3
194,1,4
195,4,2
196,3,4
197,1,4
198,2,4
199,5,4
200,5,1
201,3,2
202,3,4
203,4,5
204,2,4
205,3,5
206,5,3
207,4,1
208,5,2
209,4,1
210,5,2
211,5,4
212,2,1
213,1,4
214,5,3
215,1,5
216,3,5
217,3,2
218,2,4
219,2,2
220,3,2
221,2,1
222,4,5
223,1,1
224,5,5
225,5,2
226,2,1
227,2,5
228,3,3
229,3,1
230,5,3
231,4,1
232,4,5
233,5,1
234,5,2
235,4,4
236,1,5
237,3,2
238,3,1
239,3,3
240,1,3
241,5,5
242,1,1
243,3,4
244,5,3
245,5,5
246,4,3
247,1,2
248,1,3
249,1,3
250,2,5
251,4,3
252,2,2
253,5,3
254,2,3
255,5,1
256,1,2
257,3,2
258,5,2
259,3,5
260,3,1
261,4,4
262,5,5
263,1,3
264,3,4
265,1,5
266,4,4
267,1,5
268,5,3
269,1,4
270,1,2
271,4,1
272,4,1
273,1,1
274,5,4
275,4,4
276,5,2
277,2,1
278,2,4
279,4,1
280,3,1
281,4,4
282,1,3
283,2,5
284,1,3
285,2,1
286,2,1
287,5,3
288,2,1
289,3,2
290,5,4
291,1,4
292,4,1
293,4,3
294,4,1
295,3,2
296,5,2
297,1,5
298,5,1
299,1,2
300,5,5
301,1,1
302,5,4
303,3,5
304,3,2
305,5,2
306,5,5
307,4,5
308,4,5
309,5,2
310,3,5
311,3,5
312,5,5
313,3,1
314,2,3
315,2,2
316,3,2
317,1,1
318,2,5
319,5,5
320,2,4
321,1,2
322,4,1
323,1,2
324,5,4
325,5,3
326,1,1
327,3,4
328,5,5
329,5,4
330,2,5
331,3,1
332,1,4
333,3,1
334,4,2
335,4,2
336,5,3
337,3,3
338,3,3
339,4,3
340,4,1
341,5,2
342,1,1
343,2,4
344,3,1
345,4,3
346,3,5
347,4,1
348,1,5
349,2,2
350,5,1
351,2,3
352,4,5
353,4,4
354,3,2
355,2,4
356,4,2
357,5,2
358,4,4
359,2,1
360,4,4
361,1,4
362,2,4
363,4,3
364,3,2
365,3,4
366,5,4
367,4,3
368,1,4
369,3,4
370,2,3
371,5,3
372,3,3
373,4,2
374,2,1
375,2,1
376,3,1
377,4,4
378,2,1
379,3,2
380,5,1
381,3,2
382,5,2
383,4,1
384,5,4
385,5,2
386,5,1
387,2,2
388,1,2
389,2,4
390,1,3
391,2,5
392,4,1
393,2,4
394,3,3
395,5,2
396,3,5
397,5,5
398,4,1
399,4,4
400,5,3
401,4,1
402,3,5
403,2,1
404,2,4
405,5,3
406,4,4
407,2,3
408,2,4
409,1,1
410,1,1
411,4,1
412,1,5
413,4,3
414,2,1
415,1,2
416,4,3
417,3,1
418,5,2
419,3,4
420,4,2
421,4,2
422,3,4
423,4,2
424,4,1
425,2,1
426,2,5
427,4,1
428,4,2
429,1,2
430,1,4
431,5,2
432,1,3
433,5,4
434,4,2
435,3,4
436,2,5
437,2,5
438,2,2
439,1,2
440,5,2
441,3,3
442,2,2
443,2,2
444,2,1
445,5,4
446,3,1
447,4,5
448,1,4
449,5,4
450,4,1
451,1,5
452,4,1
453,3,5
454,4,3
455,2,4
456,1,3
457,2,2
458,2,4
459,3,1
460,2,5
461,1,5
462,3,1
463,2,2
464,1,3
465,1,2
466,4,2
467,3,3
468,2,4
469,1,1
470,4,3
471,3,3
472,4,3
473,2,3
474,3,5
475,1,5
476,2,2
477,1,2
478,3,2
479,5,1
480,2,5
481,1,2
482,5,1
483,1,1
484,2,3
485,2,2
486,4,1
487,2,4
488,2,3
489,4,3
490,1,5
491,1,5
2428,5,3
2429,2,3
2430,1,2
2431,5,2
2432,2,1
2433,2,5
2434,2,3
2435,2,4
2436,2,5
2437,1,3
2438,3,2
2439,1,3
2440,4,3
2441,2,1
2442,2,3
2443,2,3
2444,5,2
2445,3,1
2446,5,1
2447,3,1
2448,2,1
2449,4,5
2450,3,3
2451,4,4
2452,4,4
2453,4,1
2454,4,4
2455,5,1
2456,5,2
2457,2,3
2458,3,5
2459,1,1
2460,1,2
2461,4,3
2462,2,2
2463,3,1
2464,5,5
2465,2,2
2466,5,3
2467,4,4
2468,2,3
2469,5,2
2470,2,1
2471,1,2
2472,3,3
2473,5,3
2474,1,2
2475,5,5
2476,5,2
2477,5,1
2478,5,4
2479,4,5
2480,1,2
2481,2,1
2482,4,5
2483,1,3
2484,4,5
2485,4,2
2486,3,3
2487,2,2
2488,2,4
2489,1,1
2490,3,4
2491,1,4
2492,5,4
2493,1,2
2494,4,4
2495,1,3
2496,4,4
2497,1,2
2498,5,2
2499,4,2
2500,3,5
2501,5,3
2502,2,3
2503,3,3
2504,3,2
2505,2,4
2506,2,3
2507,4,1
2508,4,3
2509,5,3
2510,3,4
2511,5,4
2512,1,4
2513,4,2
2514,3,3
2515,2,5
2516,2,4
2517,3,2
2518,5,4
2519,5,5
2520,2,4
2521,5,2
2522,5,2
2523,2,2
2524,5,3
2525,1,1
2526,5,2
2527,3,5
2528,3,4
2529,2,4
2530,3,1
2531,5,4
2532,2,1
2533,1,3
2534,2,3
2535,4,4
2536,2,1
2537,3,2
2538,4,1
2539,2,3
2540,5,2
2541,1,3
2542,2,5
2543,1,5
2544,2,5
2545,5,5
2546,3,4
2547,2,3
2548,2,5
2549,5,4
2550,5,4
2551,2,5
2552,5,5
2553,2,1
2554,3,3
2555,5,5
2556,2,5
2557,3,1
2558,4,1
2559,2,1
2560,4,4
2561,3,2
2562,3,1
2563,5,5
2564,1,4
2565,5,2
2566,1,3
2567,3,3
2568,2,4
2569,3,5
2570,2,4
2571,5,4
2572,4,1
2573,2,2
2574,3,5
2575,2,4
2576,1,3
2577,2,3
2578,5,2
2579,3,4
2580,1,5
2581,2,3
2582,1,5
2583,5,1
2584,4,4
2585,5,3
2586,4,5
2587,4,2
2588,1,3
2589,4,5
2590,1,4
2591,3,5
2592,1,2
2593,3,3
2594,1,4
2595,3,2
2596,4,3
2597,4,3
2598,2,3
2599,2,3
2600,4,2
2601,2,2
2602,2,2
2603,5,4
2604,4,5
2605,4,4
2606,1,1
2607,4,5
2608,1,1
2609,2,5
2610,5,3
2611,4,1
2612,4,2
2613,2,3
2614,5,2
2615,1,5
2616,2,2
2617,4,1
2618,2,4
2619,3,3
2620,3,2
2621,4,3
2622,3,1
2623,5,3
2624,3,4
2625,1,5
2626,4,3
2627,1,1
2628,5,2
2629,4,1
2630,5,1
2631,4,2
2632,5,3
2633,2,1
2634,2,2
2635,2,1
2636,1,3
2637,3,3
2638,1,1
2639,3,3
2640,1,2
2641,4,1
2642,3,1
2643,3,2
2644,3,5
2645,2,2
2646,4,4
2647,3,2
2648,3,2
2649,5,1
2650,4,3
2651,2,1
2652,3,1
2653,4,2
2654,4,2
2655,5,4
2656,4,1
2657,2,5
2658,4,5
2659,5,4
2660,3,2
2661,1,5
2662,4,3
2663,4,4
2664,4,5
2665,4,5
2666,3,5
2667,5,4
2668,2,3
2669,4,5
2670,3,4
2671,1,3
2672,4,1
2673,5,2
2674,5,4
2675,4,4
2676,4,3
2677,3,1
2678,5,1
2679,2,2
2680,3,5
2681,2,4
2682,4,4
2683,2,4
2684,1,1
2685,2,1
2686,2,3
2687,2,1
2688,2,3
2689,1,4
2690,3,1
2691,1,5
2692,4,3
2693,1,5
2694,2,5
2695,3,5
2696,4,3
2697,5,3
2698,5,4
2699,4,1
2700,1,3
2701,3,3
2702,1,4
2703,2,5
2704,4,2
2705,1,3
2706,5,3
2707,1,5
2708,2,3
2709,4,1
2710,5,1
2711,4,4
2712,2,3
2713,3,4
2714,4,5
2715,1,4
2716,4,2
2717,5,3
2718,2,5
2719,5,5
2720,3,4
2721,3,2
2722,1,1
2723,4,1
2724,4,3
2725,3,5
2726,2,1
2727,3,5
2728,5,2
2729,3,3
2730,5,3
2731,2,5
2732,5,1
2733,2,3
2734,5,1
2735,4,4
2736,3,1
2737,4,1
2738,3,5
2739,5,5
2740,3,3
2741,4,3
2742,3,2
2743,2,1
2744,5,4
2745,2,1
2746,3,2
2747,4,4
2748,4,3
2749,4,5
2750,5,5
2751,1,3
2752,4,2
2753,3,5
2754,5,1
2755,5,3
2756,1,1
2757,1,1
2758,3,4
2759,5,2
2760,5,3
2761,1,3
2762,4,5
2763,2,4
2764,5,2
2765,1,2
2766,3,4
2767,1,5
2768,2,1
2769,2,2
2770,2,1
2771,1,2
2772,2,4
2773,5,4
2774,2,3
2775,2,2
2776,3,3
2777,3,3
2778,1,1
2779,4,1
2780,4,2
2781,4,4
2782,2,3
2783,4,5
2784,3,4
2785,1,1
2786,3,3
2787,1,5
2788,3,5
2789,4,1
2790,1,2
2791,2,4
2792,2,3
2793,4,1
2794,4,5
2795,2,2
2796,3,5
2797,5,3
2798,1,4
2799,1,2
2800,4,2
2801,3,2
2802,5,5
2803,2,4
2804,2,3
2805,2,5
2806,4,2
2807,5,1
2808,3,2
2809,5,4
2810,3,5
2811,1,4
2812,1,1
2813,1,5
2814,3,2
2815,5,3
2816,1,3
2817,1,5
2818,4,4
2819,2,5
2820,1,1
2821,4,2
2822,4,2
2823,2,5
2824,2,5
2825,3,1
2826,2,1
2827,3,4
2828,3,1
2829,5,3
2830,5,3
2831,5,2
2832,1,4
2833,1,1
2834,3,4
2835,3,5
2836,2,3
2837,1,4
2838,1,2
2839,1,2
2840,5,5
2841,5,2
2842,3,3
2843,5,3
2844,2,3
2845,3,1
2846,1,5
2847,4,2
2848,3,2
2849,3,1
2850,1,5
2851,2,5
2852,4,1
2853,1,5
2854,1,2
2855,1,5
2856,1,4
2857,1,5
2858,2,2
2859,5,1
2860,3,2
2861,4,4
2862,4,4
2863,2,2
2864,4,1
2865,1,2
2866,2,1
2867,3,5
2868,3,5
2869,3,1
2870,1,5
2871,4,3
2872,2,1
2873,5,1
2874,3,5
2875,4,2
2876,1,4
2877,2,2
2878,2,1
2879,5,2
2880,5,2
2881,3,1
2882,3,1
2883,3,3
2884,3,5
2885,2,4
2886,3,5
2887,1,3
2888,5,1
2889,5,5
2890,3,4
2891,1,3
2892,1,5
2893,3,1
2894,1,2
2895,2,2
2896,1,3
2897,4,4
2898,1,4
2899,4,4
2900,5,3
2901,2,5
2902,4,5
2903,1,4
2904,5,4
2905,3,4
2906,2,3
2907,4,5
2908,4,3
2909,4,4
2910,5,4
2911,2,1
2912,3,2
2913,1,4
2914,2,4
2915,2,4
2916,2,3
2917,3,1
2918,1,5
2919,1,3
2920,4,3
2921,2,1
2922,2,2
2923,3,5
2924,5,4
2925,5,2
2926,1,1
2927,4,2
2928,2,4
2929,4,3
2930,4,3
2931,5,3
2932,5,1
2933,1,5
2934,3,3
2935,3,3
2936,2,2
2937,2,1
2938,2,2
2939,1,5
2940,1,5
2941,2,1
2942,1,1
2943,5,1
2944,3,5
2945,4,2
2946,1,3
2947,2,2
2948,5,5
2949,3,5
2950,1,3
2951,5,1
2952,4,4
2953,4,5
2954,4,5
2955,2,1
2956,2,4
2957,3,1
2958,1,5
2959,4,3
2960,1,4
2961,2,5
2962,5,1
2963,5,1
2964,3,2
2965,3,1
2966,1,5
2967,2,3
2968,2,2
2969,2,5
2970,1,1
2971,1,5
2972,1,3
2973,4,5
2974,2,2
2975,5,4
2976,2,4
2977,1,2
2978,4,2
2979,5,1
2980,2,4
2981,2,1
2982,4,1
2983,4,4
2984,2,4
2985,1,1
2986,3,2
2987,1,5
2988,5,1
2989,2,5
2990,1,1
2991,3,3
2992,5,5
2993,3,5
2994,4,2
2995,4,4
2996,2,3
2997,1,4
2998,1,4
2999,4,4
3000,2,2
3001,2,2
3002,5,4
3003,4,2
3004,1,1
3005,2,3
3006,1,3
3007,4,3
3008,2,3
3009,2,5
3010,5,1
3011,2,4
3012,5,4
3013,1,2
3014,5,2
3015,5,2
3016,5,3
3017,3,3
3018,3,1
3019,4,2
3020,4,2
3021,2,2
3022,4,5
3023,3,3
3024,4,2
3025,1,1
3026,3,3
3027,4,5
3028,5,5
3029,2,5
3030,2,1
3031,5,4
3032,4,1
3033,2,2
3034,2,4
3035,5,2
3036,3,4
3037,2,3
3038,4,4
3039,1,1
3040,4,3
3041,5,3
3042,5,1
3043,3,5
3044,3,4
3045,4,4
3046,3,4
3047,3,5
3048,1,5
3049,3,4
3050,4,1
3051,3,1
3052,3,5
3053,3,5
3054,3,3
3055,2,1
3056,3,3
3057,5,3
3058,4,4
3059,1,3
3060,2,3
3061,4,3
3062,4,2
3063,3,3
3064,2,2
3065,1,4
3066,3,1
3067,1,5
3068,3,2
3069,3,5
3070,4,3
3071,4,1
3072,3,2
3073,1,2
3074,1,5
3075,3,3
3076,4,2
3077,2,1
3078,5,4
3079,3,3
3080,1,3
3081,4,5
3082,3,1
3083,3,1
3084,5,4
3085,4,5
3086,1,1
3087,2,5
3088,5,4
3089,5,3
3090,4,3
3091,2,3
3092,3,1
3093,4,3
3094,1,2
3095,3,2
3096,5,1
3097,2,2
3098,3,4
3099,3,4
3100,4,3
3101,3,1
3102,5,4
3103,2,5
3104,5,2
3105,4,4
3106,4,1
3107,4,5
3108,2,2
3109,5,4
3110,2,3
3111,3,3
3112,4,5
3113,3,1
3114,2,4
3115,4,1
3116,4,4
3117,4,2
3118,4,1
3119,5,1
3120,3,2
3121,1,3
3122,1,1
3123,2,3
3124,5,2
3125,1,5
3126,5,5
3127,1,1
3128,4,1
3129,4,1
3130,3,1
3131,1,2
3132,1,3
3133,2,5
3134,2,4
3135,2,5
3136,2,4
3137,3,3
3138,1,2
3139,4,5
3140,5,2
3141,2,1
3142,5,3
3143,2,4
3144,5,1
3145,2,4
3146,2,1
3147,4,5
3148,1,5
3149,5,2
3150,3,5
3151,3,5
3152,3,1
3153,5,3
3154,3,5
3155,4,2
3156,4,2
3157,2,4
3158,5,5
3159,2,2
3160,2,4
3161,5,4
3162,3,1
3163,2,4
3164,4,5
3165,2,5
3166,1,3
3167,4,5
3168,5,1
3169,2,3
3170,5,5
3171,1,3
3172,4,3
3173,2,5
3174,2,1
3175,1,2
3176,1,4
3177,2,4
3178,3,4
3179,5,4
3180,4,3
3181,2,1
3182,4,2
3183,1,1
3184,2,2
3185,2,4
3186,2,5
3187,1,2
3188,2,4
3189,3,2
3190,2,5
3191,1,5
3192,1,5
3193,4,5
3194,1,4
3195,3,1
3196,3,3
3197,4,4
3198,4,5
3199,5,5
3200,2,5
3201,1,1
3202,1,5
3203,3,4
3204,5,4
3205,2,4
3206,5,4
3207,4,3
3208,4,2
3209,4,5
3210,1,4
3211,3,1
3212,4,5
3213,3,4
3214,4,5
3215,4,2
3216,3,2
3217,2,5
3218,4,2
3219,3,1
3220,4,4
3221,5,2
3222,4,3
3223,4,5
3224,2,1
3225,4,4
3226,1,2
3227,3,3
3228,1,1
3229,2,4
3230,5,3
3231,4,4
3232,5,5
3233,4,1
3234,3,5
3235,2,2
3236,4,3
3237,2,3
3238,1,4
3239,3,5
3240,5,2
3241,4,5
3242,5,1
3243,4,1
3244,3,4
3245,5,5
3246,2,1
3247,3,1
3248,2,2
3249,2,5
3250,4,4
3251,3,2
3252,4,4
3253,5,2
3254,1,1
3255,5,5
3256,4,2
3257,2,2
3258,4,1
3259,3,1
3260,4,4
3261,3,1
3262,1,4
3263,5,5
3264,1,5
3265,2,4
3266,2,2
3267,4,2
3268,5,4
3269,3,3
3270,3,3
3271,3,2
3272,1,4
3273,5,3
3274,4,1
3275,3,3
3276,1,3
3277,4,2
3278,4,1
3279,2,5
3280,1,5
3281,5,5
3282,2,1
3283,1,2
3284,4,2
3285,4,4
3286,4,4
3287,2,5
3288,2,4
3289,1,5
3290,3,3
3291,2,1
3292,5,2
3293,5,2
3294,1,3
3295,4,3
3296,1,2
3297,3,4
3298,3,3
3299,4,4
3300,5,4
3301,4,4
3302,1,2
3303,5,4
3304,3,5
3305,5,5
3306,4,5
3307,1,4
3308,3,1
3309,1,1
3310,2,1
3311,4,1
3312,1,5
3313,4,1
3314,1,2
3315,2,3
3316,5,5
3317,5,5
3318,2,3
3319,3,1
3320,1,3
3321,1,1
3322,3,4
3323,3,1
3324,3,4
3325,2,5
3326,3,1
3327,2,2
3328,4,5
3329,2,2
3330,3,5
3331,2,4
3332,5,3
3333,1,2
3334,3,1
3335,3,4
3336,3,4
3337,2,4
3338,3,3
3339,2,5
3340,5,3
3341,3,3
3342,3,2
3343,3,3
3344,3,3
3345,5,1
3346,5,3
3347,3,3
3348,1,2
3349,5,5
3350,3,1
3351,2,4
3352,2,4
3353,5,5
3354,5,4
3355,5,3
3356,3,1
3357,2,2
3358,4,1
3359,5,4
3360,1,1
3361,2,4
3362,2,5
3363,3,4
3364,2,4
3365,1,5
3366,1,1
3367,4,1
3368,4,5
3369,3,4
3370,5,2
3371,2,1
3372,5,1
3373,3,5
3374,3,2
3375,4,3
3376,2,5
3377,3,1
3378,2,2
3379,1,5
3380,2,1
3381,2,5
3382,1,2
3383,5,3
3384,1,1
3385,5,1
3386,4,1
3387,1,1
3388,1,2
3389,3,4
3390,4,5
3391,1,4
3392,4,5
3393,1,2
3394,5,1
3395,2,5
3396,1,4
3397,4,5
3398,4,3
3399,5,4
3400,5,4
3401,2,5
3402,3,4
3403,2,1
3404,2,2
3405,4,4
3406,2,2
3407,2,1
3408,2,5
3409,1,1
3410,2,3
3411,2,1
3412,1,2
3413,4,3
3414,4,1
3415,5,3
3416,2,2
3417,2,5
3418,4,4
3419,4,2
3420,3,2
3421,1,3
3422,5,2
3423,2,5
3424,1,5
3425,4,2
3426,1,4
3427,4,5
3428,5,2
3429,1,2
3430,4,1
3431,3,3
3432,5,5
3433,4,4
3434,2,2
3435,2,2
3436,3,1
3437,4,3
3438,1,3
3439,1,1
3440,1,5
3441,4,4
3442,2,2
3443,1,5
3444,5,3
3445,4,4
3446,2,5
3447,5,2
3448,1,2
3449,4,4
3450,1,2
3451,2,5
3452,4,2
3453,3,4
3454,2,1
3455,4,2
3456,2,3
3457,4,5
3458,1,1
3459,1,4
3460,4,4
3461,3,2
3462,2,3
3463,2,5
3464,3,5
3465,1,5
3466,3,2
3467,4,4
3468,3,2
3469,1,2
3470,2,2
3471,5,4
3472,2,1
3473,2,5
3474,4,5
3475,3,4
3476,1,3
3477,2,2
3478,2,1
3479,5,1
3480,1,4
3481,3,3
3482,1,5
3483,1,5
3484,3,1
3485,1,3
3486,2,3
3487,4,5
3488,2,4
3489,2,1
3490,2,3
3491,5,4
3492,3,1
3493,1,2
3494,5,3
3495,4,2
3496,1,5
3497,2,2
3498,3,4
3499,2,2
3500,1,5
3501,4,4
3502,5,1
3503,5,4
3504,1,4
3505,1,2
3506,3,5
3507,3,5
3508,4,2
3509,4,5
3510,5,2
3511,1,3
3512,3,1
3513,5,5
3514,3,3
3515,5,5
3516,1,4
3517,3,3
3518,2,3
3519,1,3
3520,4,1
3521,4,5
3522,1,5
3523,5,5
3524,5,4
3525,1,3
3526,5,2
3527,1,5
3528,3,3
3529,2,2
3530,1,3
3531,4,2
3532,3,5
3533,2,4
3534,5,5
3535,2,4
3536,5,5
3537,5,2
3538,3,1
3539,2,4
3540,2,3
3541,2,2
3542,3,2
3543,4,3
3544,2,4
3545,1,3
3546,3,2
3547,3,1
3548,4,2
3549,3,1
3550,1,3
3551,3,3
3552,2,2
3553,3,4
3554,3,1
3555,1,5
3556,5,5
3557,4,2
3558,4,4
3559,3,4
3560,1,4
3561,1,1
3562,2,1
3563,1,3
3564,4,2
3565,2,5
3566,1,2
3567,2,4
3568,2,2
3569,3,4
3570,5,2
3571,5,1
3572,1,2
3573,4,5
3574,1,4
3575,3,5
3576,2,2
3577,4,3
3578,4,3
3579,5,4
3580,4,3
3581,4,3
3582,1,3
3583,4,5
3584,1,5
3585,2,1
3586,1,3
3587,1,5
3588,4,4
3589,4,5
3590,1,5
3591,2,4
3592,5,5
3593,2,2
3594,2,2
3595,1,3
3596,5,3
3597,5,2
3598,5,5
3599,4,1
3600,3,2
3601,3,2
3602,2,3
3603,1,3
3604,3,2
3605,4,1
3606,1,3
3607,1,4
3608,3,1
3609,3,2
3610,2,5
3611,3,3
3612,5,4
3613,2,3
3614,5,5
3615,2,5
3616,4,4
3617,1,4
3618,4,1
3619,3,3
3620,2,5
3621,4,3
3622,2,2
3623,5,5
3624,4,3
3625,4,4
3626,1,5
3627,2,3
3628,1,5
3629,1,5
3630,1,5
3631,3,5
3632,4,3
3633,1,4
3634,2,2
3635,3,2
3636,2,1
3637,5,2
3638,2,4
3639,5,4
3640,3,3
3641,1,2
3642,1,1
3643,1,3
3644,4,1
3645,3,4
3646,5,4
3647,1,4
3648,4,2
3649,5,5
3650,1,5
3651,3,3
3652,1,3
3653,4,2
3654,3,2
3655,3,2
3656,2,1
3657,3,4
3658,5,2
3659,1,2
3660,1,3
3661,1,5
3662,1,3
3663,1,3
3664,1,5
3665,3,4
3666,4,3
3667,3,1
3668,2,4
3669,5,1
3670,4,5
3671,5,2
3672,2,3
3673,5,1
3674,2,4
3675,3,3
3676,2,5
3677,2,3
3678,5,2
3679,2,2
3680,3,5
3681,4,5
3682,2,5
3683,1,1
3684,3,2
3685,3,5
3686,4,2
3687,3,1
3688,3,1
3689,5,2
3690,5,5
3691,2,1
3692,4,4
3693,4,2
3694,5,5
3695,5,3
3696,5,2
3697,4,1
3698,4,1
3699,1,4
3700,4,4
3701,4,1
3702,3,2
3703,3,1
3704,1,4
3705,1,5
3706,3,2
3707,4,5
3708,4,2
3709,3,3
3710,1,1
3711,4,4
3712,5,2
3713,2,4
3714,1,3
3715,3,3
3716,5,2
3717,3,2
3718,3,2
3719,3,3
3720,3,3
3721,2,3
3722,1,4
3723,3,2
3724,2,4
3725,2,4
3726,3,4
3727,2,3
3728,5,3
3729,2,5
3730,2,3
3731,2,1
3732,3,3
3733,4,3
3734,3,2
3735,2,2
3736,1,4
3737,1,5
3738,4,1
3739,4,2
3740,1,4
3741,1,1
3742,4,2
3743,3,4
3744,1,1
3745,4,5
3746,5,1
3747,5,2
3748,3,1
3749,1,2
3750,5,4
3751,5,4
3752,5,2
3753,3,2
3754,5,4
3755,3,2
3756,5,5
3757,3,5
3758,1,5
3759,2,5
3760,4,1
3761,1,4
3762,3,4
3763,1,3
3764,1,5
3765,3,1
3766,1,1
3767,2,2
3768,3,4
3769,1,1
3770,2,1
3771,3,5
3772,1,3
3773,3,2
3774,1,2
3775,2,3
3776,2,4
3777,4,1
3778,4,1
3779,3,3
3780,1,2
3781,5,3
3782,4,5
3783,2,5
3784,1,2
3785,1,1
3786,1,2
3787,1,5
3788,3,5
3789,3,2
3790,4,3
3791,3,1
3792,4,3
3793,1,5
3794,3,1
3795,5,5
3796,1,3
3797,4,3
3798,2,4
3799,1,1
3800,1,4
3801,3,5
3802,4,4
3803,4,4
3804,1,2
3805,3,4
3806,2,2
3807,4,5
3808,1,4
3809,4,1
3810,5,2
3811,1,3
3812,1,4
3813,3,4
3814,1,4
3815,5,3
3816,2,2
3817,1,3
3818,3,1
3819,4,4
3820,5,3
3821,2,3
3822,4,2
3823,2,5
3824,3,3
3825,5,3
3826,3,3
3827,1,1
3828,4,1
3829,2,4
3830,2,5
3831,1,3
3832,5,2
3833,5,1
3834,3,1
3835,2,5
3836,2,3
3837,1,2
3838,3,4
3839,4,1
3840,2,5
3841,5,3
3842,3,3
3843,4,2
3844,1,2
3845,1,3
3846,3,2
3847,2,5
3848,4,1
3849,2,3
3850,5,4
3851,2,5
3852,4,1
3853,5,2
3854,5,3
3855,2,5
3856,5,5
3857,3,5
3858,4,4
3859,4,4
3860,4,1
3861,4,5
3862,1,1
3863,5,5
3864,3,4
3865,3,1
3866,3,4
3867,1,5
3868,1,5
3869,2,4
3870,1,1
3871,1,3
3872,4,3
3873,2,2
3874,2,5
3875,3,1
3876,5,3
3877,4,2
3878,4,3
3879,4,4
3880,3,5
3881,2,1
3882,5,3
3883,2,4
3884,4,1
3885,4,2
3886,3,5
3887,5,5
3888,5,4
3889,2,2
3890,3,2
3891,1,1
3892,2,1
3893,3,3
3894,5,3
3895,2,4
3896,5,1
3897,1,3
3898,1,3
3899,5,4
3900,1,2
3901,2,3
3902,4,1
3903,3,3
3904,4,2
3905,3,3
3906,4,2
3907,2,4
3908,1,5
3909,3,2
3910,4,3
3911,4,5
3912,2,4
3913,2,3
3914,1,1
3915,3,3
3916,1,1
3917,3,3
3918,4,5
3919,2,4
3920,3,1
3921,5,4
3922,4,5
3923,1,2
3924,1,3
3925,5,4
3926,3,2
3927,1,3
3928,2,3
3929,5,3
3930,4,5
3931,4,3
3932,5,5
3933,2,5
3934,1,2
3935,1,2
3936,3,4
3937,1,4
3938,1,5
3939,5,3
3940,3,1
3941,2,1
3942,2,3
3943,2,2
3944,4,5
3945,1,1
3946,3,4
3947,3,3
3948,2,4
3949,4,4
3950,4,3
3951,5,4
3952,5,4
3953,2,2
3954,3,1
3955,2,3
3956,2,5
3957,3,5
3958,1,4
3959,3,5
3960,3,5
3961,4,5
3962,3,5
3963,3,5
3964,5,5
3965,5,1
3966,5,4
3967,4,4
3968,2,5
3969,5,5
3970,5,3
3971,4,4
3972,2,4
3973,1,5
3974,4,5
3975,5,4
3976,5,3
3977,4,4
3978,5,5
3979,5,1
3980,3,3
3981,1,5
3982,1,2
3983,5,1
3984,3,3
3985,5,4
3986,3,2
3987,4,4
3988,1,3
3989,5,5
3990,1,1
3991,4,5
3992,2,3
3993,4,1
3994,4,2
3995,3,5
3996,3,3
3997,3,2
3998,1,2
3999,2,1
4000,1,5
4001,1,5
4002,2,1
4003,4,4
4004,1,1
4005,5,1
4006,5,1
4007,4,5
4008,5,2
4009,1,3
4010,5,2
4011,3,3
4012,2,1
4013,4,1
4014,1,5
4015,4,3
4016,2,4
4017,5,5
4018,5,3
4019,4,5
4020,1,3
4021,2,1
4022,2,4
4023,2,5
4024,1,2
4025,4,1
4026,2,5
4027,1,4
4028,4,3
4029,5,2
4030,4,3
4031,3,3
4032,5,3
4033,2,3
4034,3,1
4035,4,3
4036,2,1
4037,2,5
4038,1,2
4039,5,1
4040,2,4
4041,5,3
4042,2,4
4043,4,5
4044,2,2
4045,4,5
4046,5,1
4047,2,2
4048,3,2
4049,4,2
4050,3,5
4051,1,4
4052,5,3
4053,5,1
4054,5,2
4055,4,4
4056,4,1
4057,5,4
4058,2,1
4059,2,5
4060,5,1
4061,4,4
4062,2,1
4063,1,5
4064,5,2
4065,2,5
4066,3,4
4067,2,3
4068,1,5
4069,4,1
4070,5,1
4071,3,4
4072,1,5
4073,4,2
4074,5,3
4075,1,4
4076,5,1
4077,1,4
4078,3,1
4079,3,5
4080,2,4
4081,1,5
4082,3,4
4083,1,1
4084,4,5
4085,2,2
4086,5,5
4087,3,4
4088,4,4
4089,4,1
4090,1,3
4091,4,2
4092,4,2
4093,1,4
4094,2,5
4095,1,1
4096,5,4
4097,1,5
4098,4,5
4099,1,4
4100,1,4
4101,4,3
4102,1,1
4103,4,1
4104,1,3
4105,2,3
4106,1,3
4107,1,2
4108,4,3
4109,5,4
4110,5,5
4111,1,4
4112,1,5
4113,3,2
4114,1,3
4115,1,4
4116,4,1
4117,3,2
4118,1,1
4119,5,2
4120,1,5
4121,4,2
4122,2,3
4123,5,5
4124,1,4
4125,5,3
4126,1,4
4127,2,1
4128,2,5
4129,1,3
4130,4,5
4131,1,1
4132,4,5
4133,3,1
4134,5,3
4135,2,5
4136,5,2
4137,4,4
4138,5,2
4139,3,2
4140,5,4
4141,4,3
4142,3,4
4143,1,1
4144,1,1
4145,4,1
4146,1,4
4147,3,3
4148,5,2
4149,2,1
4150,1,2
4151,3,2
4152,3,2
4153,4,3
4154,1,2
4155,5,2
4156,3,4
4157,5,5
4158,1,5
4159,5,1
4160,2,1
4161,5,2
4162,4,1
4163,1,1
4164,2,4
4165,4,4
4166,1,3
4167,2,5
4168,4,5
4169,1,1
4170,2,5
4171,1,4
4172,4,4
4173,2,5
4174,3,3
4175,3,4
4176,1,5
4177,3,4
4178,3,2
4179,3,1
4180,5,5
4181,5,4
4182,1,4
4183,1,4
4184,5,5
4185,3,1
4186,5,3
4187,5,2
4188,1,3
4189,5,2
4190,5,3
4191,4,1
4192,5,5
4193,4,4
4194,2,3
4195,3,2
4196,1,4
4197,4,4
4198,5,1
4199,3,4
4200,2,1
4201,3,4
4202,4,2
4203,2,3
4204,4,2
4205,4,3
4206,5,5
4207,2,5
4208,2,4
4209,2,2
4210,4,2
4211,3,5
4212,4,4
4213,4,1
4214,1,3
4215,3,4
4216,4,5
4217,4,3
4218,1,1
4219,3,1
4220,3,3
4221,5,4
4222,4,5
4223,2,3
4224,2,2
4225,3,4
4226,3,5
4227,4,5
4228,1,5
4229,5,2
4230,4,2
4231,4,4
4232,2,5
4233,1,2
4234,5,3
4235,3,3
4236,1,2
4237,4,1
4238,3,5
4239,5,3
4240,1,2
4241,3,2
4242,2,2
4243,4,1
4244,2,4
4245,3,5
4246,3,1
4247,5,2
4248,2,2
4249,1,1
4250,4,5
4251,2,5
4252,3,2
4253,2,3
4254,4,3
4255,5,3
4256,1,3
4257,5,4
4258,2,4
4259,4,3
4260,4,4
4261,3,1
4262,4,2
4263,3,3
4264,5,5
4265,5,4
4266,1,3
4267,2,5
4268,5,2
4269,3,5
4270,4,1
4271,5,5
4272,2,3
4273,5,1
4274,3,4
4275,3,1
4276,1,1
4277,4,4
4278,2,1
4279,1,3
4280,3,4
4281,4,1
4282,5,3
4283,1,4
4284,5,2
4285,2,5
4286,1,5
4287,3,4
4288,5,5
4289,2,4
4290,1,1
4291,1,3
4292,1,5
4293,4,4
4294,1,4
4295,2,1
4296,4,3
4297,2,4
4298,3,2
4299,4,1
4300,3,2
4301,3,3
4302,3,4
4303,2,4
4304,1,5
4305,1,1
4306,3,4
4307,2,5
4308,4,5
4309,3,5
4310,3,3
4311,5,5
4312,1,4
4313,2,5
4314,3,3
4315,4,5
4316,1,4
4317,3,2
4318,3,2
4319,3,3
4320,4,2
4321,4,4
4322,1,3
4323,5,3
4324,2,4
4325,4,4
4326,2,4
4327,1,4
4328,3,3
4329,5,1
4330,4,3
4331,4,2
4332,2,1
4333,1,3
4334,4,1
4335,2,5
4336,3,4
4337,5,2
4338,1,1
4339,4,2
4340,1,2
4341,1,2
4342,2,3
4343,4,4
4344,4,4
4345,5,3
4346,2,2
4347,2,1
4348,2,3
4349,4,5
4350,4,1
4351,4,3
4352,1,5
4353,1,5
4354,3,3
4355,1,5
4356,1,2
4357,5,1
4358,1,1
4359,4,5
4360,4,2
4361,5,5
4362,4,5
4363,3,2
4364,2,1
4365,4,5
4366,4,1
4367,4,5
4368,1,5
4369,2,2
4370,3,3
4371,4,4
4372,3,5
4373,5,2
4374,1,5
4375,4,1
4376,1,1
4377,1,2
4378,3,4
4379,1,3
4380,5,4
4381,2,4
4382,1,3
4383,1,5
4384,1,1
4385,5,1
4386,4,5
4387,3,4
4388,5,2
4389,5,5
4390,1,5
4391,5,5
4392,1,3
4393,4,1
4394,2,5
4395,1,4
4396,2,4
4397,3,2
4398,5,4
4399,3,1
4400,2,3
4401,2,4
4402,4,3
4403,3,1
4404,1,4
4405,1,4
4406,5,4
4407,4,5
4408,2,4
4409,3,4
4410,3,3
4411,4,2
4412,2,5
4413,5,3
4414,3,2
4415,1,3
4416,2,2
4417,4,4
4418,1,1
4419,5,1
4420,4,5
4421,5,5
4422,2,5
4423,1,2
4424,2,3
4425,5,3
4426,3,2
4427,2,5
4428,3,2
4429,2,1
4430,5,2
4431,5,2
4432,5,2
4433,4,2
4434,4,1
4435,2,5
4436,4,5
4437,1,5
4438,1,2
4439,2,5
4440,2,2
4441,1,4
4442,5,4
4443,1,1
4444,2,5
4445,1,2
4446,3,3
4447,4,5
4448,1,3
4449,4,2
4450,5,2
4451,3,3
4452,4,5
4453,5,2
4454,4,4
4455,5,2
4456,4,4
4457,5,4
4458,2,2
4459,3,5
4460,1,3
4461,4,3
4462,2,2
4463,5,3
4464,3,3
4465,4,2
4466,3,3
4467,1,3
4468,2,2
4469,4,3
4470,1,3
4471,5,3
4472,2,5
4473,5,3
4474,2,4
4475,4,1
4476,1,1
4477,4,4
4478,3,5
4479,5,3
4480,3,2
4481,2,3
4482,3,3
4483,4,2
4484,3,2
4485,5,2
4486,1,2
4487,1,3
4488,1,3
4489,1,2
4490,5,4
4491,2,4
4492,5,2
4493,2,3
4494,3,5
4495,4,5
4496,1,2
4497,2,3
4498,1,5
4499,1,4
4500,3,1
4501,4,3
4502,1,2
4503,3,3
4504,2,1
4505,4,2
4506,2,5
4507,2,4
4508,1,2
4509,4,5
4510,1,5
4511,4,1
4512,3,1
4513,1,3
4514,3,2
4515,4,5
4516,2,2
4517,5,3
4518,5,2
4519,4,2
4520,1,4
4521,4,4
4522,4,4
4523,2,4
4524,1,4
4525,2,5
4526,2,4
4527,3,1
4528,1,4
4529,3,2
4530,4,1
4531,5,4
4532,3,3
4533,3,3
4534,5,4
4535,3,4
4536,1,3
4537,5,4
4538,2,4
4539,2,4
4540,3,3
4541,3,1
4542,5,3
4543,3,1
4544,3,2
4545,1,1
4546,1,5
4547,2,3
4548,3,2
4549,4,5
4550,1,4
4551,2,4
4552,3,4
4553,2,1
4554,4,4
4555,1,4
4556,4,2
4557,3,2
4558,2,4
4559,5,4
4560,5,3
4561,2,5
4562,3,3
4563,5,1
4564,1,4
4565,2,1
4566,2,2
4567,4,1
4568,4,2
4569,2,4
4570,1,2
4571,5,4
4572,5,3
4573,2,5
4574,5,4
4575,4,1
4576,1,2
4577,4,1
4578,3,4
4579,2,4
4580,4,2
4581,2,5
4582,2,3
4583,4,3
4584,2,1
4585,5,2
4586,5,4
4587,4,3
4588,2,4
4589,4,2
4590,1,1
4591,4,5
4592,5,3
4593,2,1
4594,3,1
4595,1,5
4596,1,1
4597,2,2
4598,1,3
4599,3,3
4600,2,3
4601,5,1
4602,2,4
4603,5,3
4604,5,4
4605,5,1
4606,5,2
4607,5,1
4608,2,1
4609,2,2
4610,5,2
4611,1,5
4612,3,3
4613,5,4
4614,3,2
4615,2,2
4616,4,4
4617,4,1
4618,2,1
4619,2,4
4620,5,2
4621,4,5
4622,3,2
4623,3,2
4624,5,4
4625,4,4
4626,2,4
4627,3,3
4628,3,2
4629,4,3
4630,1,3
4631,4,3
4632,3,2
4633,3,4
4634,4,2
4635,1,2
4636,2,4
4637,2,4
4638,4,3
4639,4,1
4640,2,5
4641,1,5
4642,3,2
4643,5,5
4644,1,3
4645,4,1
4646,1,1
4647,4,5
4648,1,2
4649,2,4
4650,5,5
4651,4,1
4652,5,5
4653,5,3
4654,4,4
4655,1,4
4656,2,3
4657,2,3
4658,5,5
4659,4,4
4660,4,1
4661,2,4
4662,4,3
4663,3,5
4664,4,2
4665,3,4
4666,4,2
4667,4,5
4668,4,1
4669,3,2
4670,5,5
4671,2,2
4672,2,2
4673,5,1
4674,4,4
4675,5,3
4676,5,1
4677,4,1
4678,2,4
4679,3,1
4680,1,2
4681,2,3
4682,1,5
4683,3,1
4684,5,4
4685,3,2
4686,3,1
4687,1,4
4688,1,1
4689,2,4
4690,1,5
4691,5,2
4692,1,4
4693,4,2
4694,3,5
4695,5,4
4696,4,3
4697,2,1
4698,3,4
4699,1,4
4700,2,5
4701,3,5
4702,3,2
4703,5,3
4704,3,1
4705,4,3
4706,2,4
4707,5,1
4708,5,2
4709,1,5
4710,3,5
4711,3,4
4712,2,1
4713,1,3
4714,1,1
4715,5,4
4716,2,1
4717,1,4
4718,3,5
4719,5,3
4720,1,4
4721,1,5
4722,4,5
4723,2,1
4724,3,5
4725,1,5
4726,2,4
4727,4,1
4728,1,1
4729,2,1
4730,3,3
4731,1,1
4732,1,5
4733,4,3
4734,1,5
4735,3,1
4736,5,4
4737,2,4
4738,3,3
4739,1,3
4740,5,4
4741,2,4
4742,3,2
4743,2,1
4744,3,2
4745,3,1
4746,2,4
4747,3,2
4748,1,4
4749,4,4
4750,5,5
4751,2,2
4752,1,3
4753,5,4
4754,5,1
4755,4,4
4756,5,5
4757,2,4
4758,2,2
4759,2,2
4760,5,3
4761,3,1
4762,4,5
4763,3,3
4764,5,5
4765,2,4
4766,3,5
4767,2,1
4768,1,2
4769,5,3
4770,3,1
4771,3,5
4772,2,2
4773,4,1
4774,3,4
4775,2,2
4776,1,5
4777,1,1
4778,1,1
4779,2,4
4780,4,1
4781,5,5
4782,4,2
4783,2,2
4784,2,1
4785,3,4
4786,3,5
4787,4,4
4788,4,2
4789,5,4
4790,1,2
4791,5,2
4792,4,1
4793,3,4
4794,4,5
4795,1,5
4796,4,4
4797,5,3
4798,1,3
4799,4,1
4800,4,4
4801,5,1
4802,2,4
4803,4,1
4804,3,4
4805,2,3
4806,4,2
4807,5,5
4808,5,1
4809,5,4
4810,2,1
4811,3,5
4812,5,3
4813,5,3
4814,3,1
4815,5,2
4816,1,2
4817,3,4
4818,4,2
4819,2,4
4820,3,1
4821,4,3
4822,3,4
4823,5,2
4824,2,4
4825,3,2
4826,2,1
4827,1,3
4828,2,3
4829,1,1
4830,2,1
4831,4,4
4832,4,5
4833,4,3
4834,1,2
4835,1,5
4836,3,2
4837,4,2
4838,3,5
4839,4,3
4840,5,5
4841,5,5
4842,5,2
4843,3,2
4844,3,1
4845,5,5
4846,3,5
4847,5,5
4848,1,1
4849,1,3
4850,4,3
4851,5,5
4852,1,3
4853,3,2
4854,1,5
4855,1,5
4856,5,4
4857,4,4
4858,4,2
4859,4,5
4860,1,3
4861,3,3
4862,2,5
4863,2,4
4864,2,5
4865,5,1
4866,4,4
4867,4,4
4868,2,5
4869,1,2
4870,3,2
4871,5,3
4872,4,3
4873,3,1
4874,5,1
4875,4,2
4876,2,1
4877,1,1
4878,2,2
4879,2,1
4880,5,4
4881,2,4
4882,4,4
4883,5,5
4884,4,5
4885,1,5
4886,1,3
4887,3,1
4888,1,4
4889,3,2
4890,5,3
4891,5,4
4892,5,4
4893,3,3
4894,5,3
4895,2,5
4896,2,4
4897,4,3
4898,1,5
4899,4,2
4900,5,4
4901,3,2
4902,1,4
4903,1,4
4904,5,5
4905,1,1
4906,5,4
4907,1,3
4908,1,2
4909,2,4
4910,1,2
4911,5,1
4912,5,1
4913,3,3
4914,4,4
4915,3,4
4916,4,3
4917,1,1
4918,1,2
4919,2,4
4920,3,3
4921,3,1
4922,2,1
4923,3,5
4924,5,2
4925,1,2
4926,3,2
4927,2,5
4928,2,2
4929,3,3
4930,4,2
4931,2,5
4932,5,1
4933,3,4
4934,5,1
4935,1,3
4936,5,1
4937,5,4
4938,2,1
4939,1,3
4940,5,2
4941,1,2
4942,2,2
4943,3,2
4944,4,1
4945,1,5
4946,3,5
4947,5,4
4948,2,2
4949,5,3
4950,2,2
4951,1,3
4952,1,1
4953,4,3
4954,3,1
4955,1,3
4956,4,1
4957,3,5
4958,2,4
4959,2,3
4960,2,2
4961,3,5
4962,3,3
4963,4,1
4964,3,1
4965,5,4
4966,1,4
4967,4,4
4968,3,5
4969,4,3
4970,5,2
4971,1,1
4972,1,2
4973,2,4
4974,5,1
4975,1,5
4976,4,3
4977,2,5
4978,1,4
4979,2,4
4980,3,3
4981,3,2
4982,1,3
4983,3,5
4984,2,3
4985,5,2
4986,3,1
4987,4,3
4988,3,2
4989,2,3
4990,5,5
4991,3,4
4992,5,4
4993,4,5
4994,5,3
4995,2,3
4996,5,1
4997,5,1
4998,1,4
4999,4,2
5000,2,4
5001,4,5
5002,1,4
5003,3,2
5004,3,5
5005,2,5
5006,1,3
5007,2,5
5008,2,4
5009,5,2
5010,1,4
5011,1,4
5012,3,4
5013,1,4
5014,5,5
5015,1,5
5016,2,2
5017,2,4
5018,4,2
5019,3,1
5020,2,2
5021,5,4
5022,2,4
5023,2,5
5024,3,2
5025,2,2
5026,5,2
5027,1,1
5028,5,4
5029,4,3
5030,1,1
5031,5,2
5032,1,4
5033,4,3
5034,1,1
5035,5,2
5036,3,3
5037,3,5
5038,4,1
5039,5,2
5040,4,1
5041,1,3
5042,1,5
5043,4,3
5044,5,2
5045,1,1
5046,1,4
5047,4,5
5048,5,5
5049,5,5
5050,5,3
5051,4,3
5052,4,2
5053,3,4
5054,1,2
5055,2,5
5056,3,1
5057,4,5
5058,5,1
5059,1,4
5060,5,5
5061,2,4
5062,4,5
5063,4,3
5064,3,5
5065,2,1
5066,1,4
5067,2,1
5068,3,2
5069,3,3
5070,1,1
5071,5,3
5072,1,4
5073,4,4
5074,5,4
5075,5,2
5076,5,5
5077,4,5
5078,4,1
5079,3,3
5080,3,1
5081,2,3
5082,5,3
5083,2,3
5084,4,2
5085,5,4
5086,4,1
5087,3,3
5088,1,1
5089,3,5
5090,3,5
5091,4,2
5092,5,2
5093,1,1
5094,2,4
5095,3,5
5096,4,1
5097,1,4
5098,2,3
5099,2,2
5100,5,4
5101,1,4
5102,3,1
5103,3,3
5104,5,3
5105,5,1
5106,1,1
5107,3,4
5108,2,5
5109,4,4
5110,1,1
5111,5,3
5112,3,2
5113,3,1
5114,3,2
5115,4,5
5116,5,1
5117,4,3
5118,1,1
5119,1,3
5120,3,3
5121,5,2
5122,1,1
5123,2,3
5124,3,1
5125,1,1
5126,4,2
5127,1,3
5128,4,1
5129,1,2
5130,5,2
5131,2,5
5132,1,4
5133,4,3
5134,3,5
5135,5,2
5136,3,2
5137,5,2
5138,5,4
5139,3,5
5140,1,5
5141,2,4
5142,5,2
5143,2,1
5144,3,3
5145,3,1
5146,5,4
5147,3,4
5148,2,3
5149,2,3
5150,5,1
5151,1,5
5152,3,3
5153,2,2
5154,2,1
5155,5,3
5156,4,5
5157,2,5
5158,5,1
5159,4,3
5160,5,1
5161,3,3
5162,5,5
5163,2,1
5164,3,1
5165,2,1
5166,3,4
5167,1,3
5168,4,3
5169,2,5
5170,4,2
5171,4,4
5172,4,3
5173,1,3
5174,2,2
5175,5,3
5176,5,3
5177,3,3
5178,3,2
5179,4,1
5180,3,1
5181,3,3
5182,1,3
5183,3,2
5184,1,5
5185,3,2
5186,4,2
5187,5,1
5188,3,3
5189,5,2
5190,1,3
5191,1,2
5192,4,4
5193,1,4
5194,1,3
5195,5,3
5196,3,5
5197,4,3
5198,1,2
5199,2,4
5200,4,5
5201,5,3
5202,1,1
5203,1,3
5204,5,1
5205,1,3
5206,5,2
5207,3,4
5208,2,3
5209,2,5
5210,1,3
5211,3,3
5212,2,4
5213,5,5
5214,5,2
5215,4,1
5216,5,4
5217,4,4
5218,2,4
5219,1,3
5220,5,2
5221,4,5
5222,4,1
5223,4,3
5224,3,3
5225,4,2
5226,5,5
5227,4,2
5228,4,1
5229,3,4
5230,2,3
5231,2,4
5232,1,5
5233,2,2
5234,5,2
5235,5,1
5236,1,1
5237,5,4
5238,1,1
5239,1,3
5240,5,3
5241,4,2
5242,3,1
5243,4,3
5244,3,4
5245,1,1
5246,1,1
5247,2,5
5248,1,3
5249,3,1
5250,5,5
5251,5,5
5252,1,3
5253,3,5
5254,1,1
5255,3,1
5256,1,5
5257,2,2
5258,4,2
5259,2,4
5260,4,2
5261,3,1
5262,1,1
5263,2,1
5264,2,1
5265,3,5
5266,4,2
5267,3,5
5268,1,2
5269,1,4
5270,3,4
5271,3,1
5272,2,3
5273,3,4
5274,4,4
5275,3,2
5276,3,5
5277,3,2
5278,3,1
5279,2,2
5280,2,3
5281,3,3
5282,5,2
5283,3,2
5284,4,5
5285,1,4
5286,2,4
5287,5,4
5288,3,3
5289,1,1
5290,2,2
5291,3,5
5292,2,1
5293,4,3
5294,3,4
5295,4,2
5296,3,5
5297,5,3
5298,3,4
5299,4,4
5300,2,1
5301,2,3
5302,5,4
5303,4,4
5304,4,2
5305,4,3
5306,1,1
5307,4,3
5308,3,1
5309,1,2
5310,4,1
5311,1,5
5312,5,3
5313,3,3
5314,1,3
5315,5,5
5316,5,2
5317,5,4
5318,2,1
5319,2,1
5320,4,3
5321,3,3
5322,4,1
5323,4,2
5324,2,2
5325,5,1
5326,5,2
5327,4,4
5328,1,5
5329,2,1
5330,3,2
5331,3,5
5332,4,2
5333,4,1
5334,2,2
5335,2,4
5336,3,4
5337,5,5
5338,4,2
5339,1,2
5340,5,5
5341,3,3
5342,1,1
5343,5,1
5344,4,5
5345,1,4
5346,2,3
5347,5,1
5348,5,2
5349,3,2
5350,4,1
5351,3,3
5352,5,4
5353,1,3
5354,2,4
5355,2,2
5356,2,3
5357,1,5
5358,3,3
5359,1,4
5360,2,4
5361,1,2
5362,1,1
5363,5,1
5364,4,1
5365,1,4
5366,2,4
5367,5,3
5368,4,1
5369,3,5
5370,2,3
5371,1,5
5372,5,4
5373,4,4
5374,5,3
5375,5,1
5376,2,2
5377,3,4
5378,2,3
5379,2,5
5380,1,4
5381,3,1
5382,5,5
5383,2,3
5384,4,1
5385,5,2
5386,5,3
5387,2,2
5388,2,5
5389,3,2
5390,4,4
5391,5,1
5392,3,2
5393,4,2
5394,3,2
5395,2,1
5396,2,2
5397,5,5
5398,5,5
5399,3,3
5400,4,3
5401,1,3
5402,5,1
5403,3,4
5404,3,5
5405,3,1
5406,1,1
5407,1,3
5408,5,2
5409,1,5
5410,3,4
5411,5,3
5412,4,2
5413,1,1
5414,2,3
5415,2,1
5416,2,2
5417,5,4
5418,3,4
5419,4,3
5420,3,3
5421,4,3
5422,3,3
5423,2,4
5424,1,4
5425,2,2
5426,2,2
5427,3,4
5428,4,1
5429,3,1
5430,3,3
5431,1,5
5432,1,5
5433,4,1
5434,3,1
5435,2,1
5436,1,2
5437,1,2
5438,2,2
5439,4,3
5440,1,5
5441,2,2
5442,4,3
5443,4,3
5444,4,4
5445,5,3
5446,3,5
5447,4,4
5448,3,5
5449,3,1
5450,3,5
5451,4,2
5452,4,2
5453,3,5
5454,1,5
5455,3,4
5456,3,2
5457,1,3
5458,5,1
5459,2,3
5460,3,3
5461,3,5
5462,3,4
5463,3,2
5464,3,3
5465,5,4
5466,5,4
5467,1,3
5468,1,2
5469,3,5
5470,4,3
5471,3,5
5472,1,1
5473,5,5
5474,3,4
5475,3,1
5476,2,2
5477,2,4
5478,3,3
5479,5,5
5480,1,5
5481,1,2
5482,3,4
5483,5,3
5484,3,2
5485,1,5
5486,5,2
5487,2,1
5488,2,2
5489,5,4
5490,4,4
5491,2,3
5492,2,2
5493,3,4
5494,2,3
5495,5,1
5496,3,4
5497,4,4
5498,4,2
5499,3,2
5500,5,3
5501,2,4
5502,1,4
5503,3,1
5504,5,4
5505,3,2
5506,3,5
5507,2,1
5508,5,5
5509,3,2
5510,2,5
5511,3,3
5512,2,3
5513,3,2
5514,3,3
5515,5,5
5516,3,4
5517,1,5
5518,3,1
5519,1,5
5520,3,5
5521,3,4
5522,3,2
5523,4,1
5524,3,1
5525,2,3
5526,4,2
5527,1,2
5528,3,3
5529,5,3
5530,4,3
5531,2,4
5532,1,4
5533,4,2
5534,1,1
5535,4,4
5536,2,1
5537,5,4
5538,5,4
5539,1,1
5540,3,4
5541,2,4
5542,4,5
5543,5,2
5544,4,5
5545,5,4
5546,5,5
5547,5,5
5548,2,4
5549,3,3
5550,5,3
5551,4,4
5552,1,5
5553,1,1
5554,2,3
5555,2,4
5556,4,4
5557,2,2
5558,3,2
5559,1,4
5560,1,5
5561,2,2
5562,1,4
5563,4,4
5564,1,1
5565,5,2
5566,1,1
5567,5,1
5568,2,3
5569,2,1
5570,3,2
5571,5,3
5572,4,2
5573,1,4
5574,5,5
5575,4,2
5576,1,5
5577,2,5
5578,2,3
5579,1,5
5580,1,1
5581,4,4
5582,5,4
5583,2,1
5584,1,4
5585,2,1
5586,1,5
5587,2,4
5588,2,3
5589,2,4
5590,2,1
5591,3,4
5592,4,4
5593,1,3
5594,2,3
5595,4,4
5596,3,5
5597,5,2
5598,5,1
5599,1,2
5600,5,3
5601,5,4
5602,3,3
5603,3,3
5604,2,5
5605,2,4
5606,5,5
5607,1,2
5608,5,4
5609,4,4
5610,3,1
5611,3,3
5612,5,1
5613,5,2
5614,5,1
5615,3,4
5616,1,1
5617,4,2
5618,5,3
5619,4,4
5620,3,3
5621,3,2
5622,4,4
5623,3,3
5624,1,3
5625,4,2
5626,3,4
5627,2,3
5628,1,2
5629,3,5
5630,5,5
5631,4,3
5632,4,5
5633,5,2
5634,3,1
5635,5,3
5636,4,2
5637,1,4
5638,4,2
5639,4,2
5640,2,3
5641,4,2
5642,4,4
5643,4,2
5644,4,4
5645,4,3
5646,3,1
5647,4,2
5648,4,2
5649,4,5
5650,3,3
5651,4,3
5652,1,5
5653,5,4
5654,5,1
5655,4,1
5656,2,3
5657,1,1
5658,1,2
5659,3,1
5660,5,5
5661,4,1
5662,3,3
5663,1,4
5664,1,4
5665,4,4
5666,2,2
5667,5,5
5668,4,2
5669,3,2
5670,2,1
5671,4,3
5672,5,4
5673,3,3
5674,2,2
5675,4,4
5676,1,1
5677,3,5
5678,2,4
5679,5,1
5680,1,3
5681,5,3
5682,4,4
5683,5,1
5684,3,2
5685,3,4
5686,2,1
5687,5,3
5688,1,1
5689,5,1
5690,1,2
5691,1,5
5692,1,5
5693,4,4
5694,3,5
5695,4,5
5696,5,1
5697,4,4
5698,5,5
5699,5,3
5700,5,4
5701,2,5
5702,5,5
5703,3,5
5704,5,4
5705,5,3
5706,4,1
5707,2,3
5708,3,2
5709,3,4
5710,5,2
5711,5,5
5712,5,2
5713,3,4
5714,1,2
5715,5,2
5716,3,5
5717,4,2
5718,5,3
5719,4,2
5720,2,1
5721,1,1
5722,5,5
5723,4,1
5724,1,4
5725,2,4
5726,5,3
5727,1,4
5728,4,3
5729,1,4
5730,4,3
5731,3,3
5732,1,3
5733,4,4
5734,5,5
5735,5,3
5736,3,1
5737,2,1
5738,2,1
5739,4,5
5740,3,5
5741,4,2
5742,3,2
5743,2,2
5744,5,2
5745,1,4
5746,4,2
5747,4,1
5748,1,2
5749,1,4
5750,2,3
5751,1,1
5752,3,2
5753,2,3
5754,2,1
5755,2,4
5756,4,1
5757,1,5
5758,3,3
5759,1,1
5760,4,3
5761,3,2
5762,5,5
5763,3,5
5764,4,4
5765,1,5
5766,1,1
5767,1,4
5768,5,5
5769,5,4
5770,5,4
5771,1,5
5772,3,5
5773,3,4
5774,2,1
5775,2,5
5776,1,2
5777,4,4
5778,2,2
5779,2,3
5780,2,1
5781,4,3
5782,4,1
5783,4,3
5784,4,4
5785,5,1
5786,3,3
5787,2,2
5788,5,4
5789,3,5
5790,4,3
5791,5,5
5792,3,5
5793,1,2
5794,5,4
5795,2,5
5796,5,5
5797,5,5
5798,1,3
5799,3,5
5800,5,4
5801,5,4
5802,2,3
5803,3,5
5804,1,2
5805,5,2
5806,4,2
5807,3,3
5808,3,1
5809,1,4
5810,5,3
5811,3,1
5812,1,5
5813,4,3
5814,4,4
5815,1,3
5816,3,5
5817,5,2
5818,3,3
5819,4,1
5820,4,2
5821,2,1
5822,2,3
5823,4,1
5824,3,1
5825,4,5
5826,2,5
5827,5,4
5828,4,3
5829,2,2
5830,4,5
5831,4,1
5832,5,5
5833,4,5
5834,1,1
5835,5,5
5836,2,1
5837,4,3
5838,4,1
5839,4,5
5840,4,2
5841,2,3
5842,1,4
5843,4,3
5844,4,5
5845,5,4
5846,4,5
5847,3,4
5848,4,2
5849,3,4
5850,5,2
5851,2,2
5852,4,5
5853,5,1
5854,3,4
5855,5,2
5856,1,2
5857,1,1
5858,3,3
5859,2,3
5860,2,1
5861,1,1
5862,3,5
5863,1,2
5864,2,3
5865,2,3
5866,1,3
5867,2,1
5868,3,3
5869,3,5
5870,2,1
5871,2,4
5872,1,1
5873,1,3
5874,1,1
5875,1,3
5876,1,4
5877,4,2
5878,5,3
5879,1,1
5880,2,3
5881,2,1
5882,3,4
5883,4,1
5884,4,3
5885,5,1
5886,4,3
5887,4,5
5888,3,4
5889,2,1
5890,5,2
5891,3,5
5892,2,4
5893,2,1
5894,2,4
5895,1,1
5896,1,1
5897,3,4
5898,1,4
5899,1,2
5900,5,3
5901,4,5
5902,5,5
5903,1,3
5904,1,5
5905,2,3
5906,5,1
5907,5,1
5908,3,2
5909,3,2
5910,5,2
5911,4,5
5912,2,3
5913,4,1
5914,4,3
5915,4,4
5916,4,3
5917,2,2
5918,3,1
5919,3,1
5920,5,4
5921,5,1
5922,4,2
5923,4,5
5924,1,5
5925,2,4
5926,2,3
5927,2,4
5928,4,5
5929,3,4
5930,3,4
5931,3,3
5932,3,3
5933,3,1
5934,3,4
5935,5,4
5936,3,4
5937,4,4
5938,2,5
5939,5,2
5940,1,4
5941,4,5
5942,1,3
5943,1,3
5944,4,1
5945,2,1
5946,4,4
5947,4,3
5948,4,5
5949,5,1
5950,1,5
5951,1,3
5952,5,1
5953,5,1
5954,5,4
5955,1,2
5956,2,5
5957,4,5
5958,5,1
5959,3,2
5960,5,5
5961,1,2
5962,4,1
5963,3,4
5964,1,3
5965,3,1
5966,5,5
5967,2,2
5968,3,2
5969,3,3
5970,1,5
5971,3,1
5972,5,5
5973,3,2
5974,2,4
5975,3,2
5976,1,5
5977,3,4
5978,3,4
5979,4,4
5980,3,2
5981,2,4
5982,5,2
5983,4,2
5984,4,3
5985,4,1
5986,4,5
5987,2,3
5988,5,5
5989,3,3
5990,1,1
5991,4,1
5992,1,1
5993,5,2
5994,1,5
5995,5,1
5996,3,3
5997,1,4
5998,3,2
5999,5,4
6000,1,2
6001,4,2
6002,4,2
6003,2,5
6004,4,1
6005,4,3
6006,2,1
6007,4,4
6008,2,3
6009,1,3
6010,1,4
6011,4,2
6012,5,2
6013,4,5
6014,4,2
6015,3,4
6016,4,3
6017,1,2
6018,3,2
6019,4,1
6020,5,4
6021,2,2
6022,5,3
6023,5,3
6024,5,5
6025,1,1
6026,1,2
6027,1,3
6028,4,2
6029,5,3
6030,3,2
6031,2,2
6032,4,3
6033,5,5
6034,5,3
6035,1,5
6036,3,4
6037,2,3
6038,1,4
6039,2,2
6040,3,3
6041,1,4
6042,5,5
6043,4,3
6044,4,3
6045,3,3
6046,1,2
6047,2,3
6048,4,5
6049,5,2
6050,3,2
6051,4,5
6052,5,3
6053,1,2
6054,3,5
6055,5,3
6056,5,3
6057,4,5
6058,5,3
6059,3,5
6060,3,3
6061,2,4
6062,3,5
6063,1,3
6064,1,1
6065,4,2
6066,3,1
6067,2,2
6068,5,4
6069,5,3
6070,4,1
6071,2,3
6072,3,5
6073,1,4
6074,5,4
6075,2,3
6076,5,5
6077,2,3
6078,3,3
6079,4,1
6080,1,3
6081,5,3
6082,2,5
6083,5,1
6084,5,1
6085,3,4
6086,5,3
6087,3,1
6088,4,2
6089,3,5
6090,2,3
6091,5,4
6092,4,4
6093,2,4
6094,4,4
6095,1,1
6096,4,2
6097,5,2
6098,2,5
6099,1,2
6100,4,5
6101,2,5
6102,1,1
6103,2,2
6104,2,3
6105,5,5
6106,2,2
6107,4,5
6108,2,4
6109,1,2
6110,5,1
6111,5,1
6112,4,3
6113,1,4
6114,5,1
6115,4,2
6116,4,2
6117,1,5
6118,3,1
6119,4,2
6120,4,4
6121,1,2
6122,4,3
6123,2,2
6124,5,2
6125,1,4
6126,1,3
6127,4,3
6128,3,4
6129,5,1
6130,2,1
6131,4,4
6132,3,5
6133,5,4
6134,4,5
6135,5,2
6136,2,5
6137,4,2
6138,1,1
6139,1,4
6140,1,3
6141,4,2
6142,1,1
6143,3,4
6144,3,1
6145,1,5
6146,2,1
6147,2,1
6148,2,4
6149,1,2
6150,2,3
6151,4,3
6152,1,3
6153,5,4
6154,3,1
6155,1,2
6156,5,2
6157,3,2
6158,4,4
6159,4,1
6160,3,1
6161,2,1
6162,2,4
6163,1,1
6164,3,3
6165,3,2
6166,1,1
6167,2,4
6168,5,1
6169,4,3
6170,3,5
6171,1,2
6172,2,1
6173,5,5
6174,5,1
6175,4,5
6176,4,4
6177,5,2
6178,3,3
6179,3,5
6180,1,3
6181,5,4
6182,3,1
6183,2,5
6184,5,4
6185,2,3
6186,1,4
6187,5,2
6188,2,5
6189,5,2
6190,4,1
6191,2,5
6192,1,5
6193,2,4
6194,1,4
6195,5,5
6196,2,1
6197,3,1
6198,4,2
6199,2,3
6200,2,1
6201,5,4
6202,3,2
6203,5,3
6204,2,4
6205,4,2
6206,5,3
6207,2,5
6208,4,2
6209,5,4
6210,4,1
6211,4,5
6212,3,2
6213,3,1
6214,1,2
6215,5,4
6216,5,5
6217,1,3
6218,3,1
6219,4,2
6220,5,5
6221,2,2
6222,5,3
6223,4,3
6224,5,2
6225,1,4
6226,1,3
6227,2,2
6228,1,5
6229,2,2
6230,2,3
6231,3,1
6232,3,1
6233,1,1
6234,3,4
6235,1,1
6236,4,1
6237,1,5
6238,4,5
6239,4,4
6240,5,1
6241,2,5
6242,1,5
6243,3,1
6244,4,4
6245,5,4
6246,3,2
6247,1,1
6248,4,3
6249,4,3
6250,4,2
6251,1,4
6252,2,3
6253,5,2
6254,4,1
6255,2,3
6256,1,5
6257,4,5
6258,4,4
6259,2,3
6260,1,5
6261,2,4
6262,5,3
6263,1,3
6264,1,1
6265,5,5
6266,2,4
6267,5,5
6268,3,5
6269,2,1
6270,1,5
6271,1,5
6272,2,1
6273,4,3
6274,5,4
6275,4,3
6276,1,4
6277,4,3
6278,5,5
6279,5,3
6280,2,5
6281,4,4
6282,4,3
6283,4,2
6284,4,2
6285,1,5
6286,4,4
6287,1,1
6288,4,5
6289,2,3
6290,4,2
6291,5,4
6292,4,5
6293,4,4
6294,2,3
6295,2,5
6296,1,5
6297,4,3
6298,1,5
6299,1,4
9204,1,1
9205,1,5
9206,4,3
9207,1,1
9208,4,1
9209,2,1
9210,5,2
9211,2,5
9212,2,4
9213,3,1
9214,2,2
9215,4,5
9216,5,3
9217,4,5
9218,4,4
9219,5,3
9220,5,3
9221,3,1
9222,2,1
9223,2,3
9224,1,3
9225,1,5
9226,3,5
9227,4,5
9228,4,4
9229,3,5
9230,3,2
9231,4,4
9232,5,4
9233,4,2
9234,1,2
9235,2,2
9236,2,2
9237,1,5
9238,3,1
9239,4,2
9240,4,3
9241,5,1
9242,3,3
9243,4,1
9244,3,2
9245,5,5
9246,4,4
9247,1,5
9248,4,3
9249,2,2
9250,2,1
9251,1,1
9252,5,3
9253,4,5
9254,5,5
9255,1,2
9256,4,3
9257,1,5
9258,1,5
9259,5,2
9260,3,4
9261,5,2
9262,4,2
9263,4,2
9264,1,4
9265,1,5
9266,3,4
9267,1,3
9268,4,2
9269,3,1
9270,5,5
9271,1,5
9272,4,1
9273,5,3
9274,5,4
9275,4,5
9276,5,4
9277,4,3
9278,1,5
9279,1,5
9280,2,3
9281,4,5
9282,4,2
9283,2,5
9284,4,5
9285,4,1
9286,2,3
9287,5,4
9288,5,4
9289,2,5
9290,2,5
9291,4,5
9292,4,2
9293,4,5
9294,3,1
9295,4,3
9296,5,1
9297,2,3
9298,5,3
9299,5,5
9300,2,4
9301,4,2
9302,2,3
9303,1,5
9304,2,4
9305,3,3
9306,4,1
9307,1,1
9308,2,5
9309,2,4
9310,5,4
9311,1,5
9312,5,4
9313,4,1
9314,4,3
9315,2,5
9316,4,1
9317,1,1
9318,2,2
9319,1,2
9320,2,2
9321,3,1
9322,4,2
9323,5,5
9324,2,2
9325,1,2
9326,3,2
9327,4,3
9328,3,1
9329,3,1
9330,3,4
9331,1,1
9332,1,4
9333,2,4
9334,5,5
9335,4,3
9336,1,3
9337,5,1
9338,4,1
9339,3,5
9340,1,3
9341,4,3
9342,2,3
9343,4,3
9344,3,4
9345,2,2
9346,5,4
9347,1,1
9348,3,1
9349,4,2
9350,1,5
9351,4,1
9352,3,3
9353,1,5
9354,5,1
9355,2,2
9356,4,2
9357,4,2
9358,5,2
9359,1,5
9360,5,1
9361,5,3
9362,4,2
9363,2,1
9364,1,1
9365,2,4
9366,5,2
9367,3,5
9368,1,2
9369,1,1
9370,5,2
9371,2,3
9372,4,4
9373,1,3
9374,3,4
9375,2,1
9376,2,1
9377,2,5
9378,2,3
9379,4,1
9380,3,3
9381,1,4
9382,2,2
9383,3,4
9384,1,4
9385,5,5
9386,4,5
9387,3,2
9388,1,1
9389,3,3
9390,1,2
9391,2,4
9392,1,3
9393,5,2
9394,5,2
9395,4,1
9396,3,3
9397,3,4
9398,3,2
9399,2,4
9400,3,2
9401,4,5
9402,2,2
9403,3,5
9404,1,2
9405,1,3
9406,2,4
9407,4,2
9408,5,4
9409,3,1
9410,5,2
9411,5,5
9412,2,2
9413,5,1
9414,2,2
9415,1,5
9416,3,2
9417,4,1
9418,5,3
9419,3,1
9420,3,3
9421,1,3
9422,5,4
9423,2,2
9424,2,5
9425,3,4
9426,2,5
9427,1,5
9428,5,3
9429,1,1
9430,3,4
9431,1,3
9432,2,2
9433,2,1
9434,2,5
9435,2,3
9436,4,5
9437,1,4
9438,5,2
9439,4,1
9440,2,4
9441,5,2
9442,1,1
9443,3,1
9444,2,5
9445,1,4
9446,5,2
9447,2,3
9448,4,4
9449,5,2
9450,5,1
9451,1,3
9452,5,4
9453,2,1
9454,2,3
9455,1,5
9456,1,1
9457,2,1
9458,2,3
9459,2,3
9460,4,2
9461,5,5
9462,3,3
9463,2,5
9464,4,2
9465,5,5
9466,2,5
9467,4,1
9468,1,2
9469,4,5
9470,3,2
9471,1,4
9472,5,1
9473,3,2
9474,4,3
9475,1,2
9476,3,1
9477,4,1
9478,2,3
9479,3,1
9480,3,5
9481,3,3
9482,3,5
9483,4,4
9484,1,5
9485,5,5
9486,2,4
9487,5,1
9488,3,1
9489,5,4
9490,5,5
9491,2,1
9492,3,1
9493,2,1
9494,1,5
9495,3,1
9496,1,5
9497,4,3
9498,1,4
9499,3,1
9500,2,3
9501,5,3
9502,1,4
9503,5,1
9504,4,2
9505,4,1
9506,5,1
9507,2,2
9508,4,4
9509,4,3
9510,4,1
9511,1,2
9512,3,2
9513,2,2
9514,3,1
9515,5,3
9516,3,1
9517,2,5
9518,1,5
9519,2,2
9520,1,5
9521,1,5
9522,1,1
9523,3,3
9524,1,5
9525,4,3
9526,4,1
9527,2,3
9528,2,1
9529,3,5
9530,1,4
9531,3,4
9532,4,1
9533,3,3
9534,4,2
9535,5,1
9536,5,3
9537,4,1
9538,2,3
9539,4,2
9540,5,5
9541,3,4
9542,2,1
9543,2,1
9544,2,3
9545,2,5
9546,1,5
9547,3,1
9548,1,3
9549,1,3
9550,1,4
9551,4,1
9552,4,4
9553,1,5
9554,5,3
9555,5,4
9556,2,1
9557,3,2
9558,5,3
9559,1,1
9560,5,4
9561,4,1
9562,1,4
9563,4,2
9564,1,5
9565,5,2
9566,5,5
9567,3,5
9568,4,5
9569,5,5
9570,3,2
9571,5,1
9572,2,2
9573,2,2
9574,3,4
9575,5,2
9576,1,1
9577,4,3
9578,5,2
9579,5,4
9580,1,2
9581,5,2
9582,5,2
9583,3,2
9584,4,3
9585,4,1
9586,2,3
9587,2,3
9588,1,1
9589,3,5
9590,3,2
9591,2,2
9592,3,1
9593,2,2
9594,4,3
9595,3,3
9596,1,1
9597,4,4
9598,3,3
9599,2,1
9600,5,5
9601,2,5
9602,4,5
9603,5,3
9604,3,2
9605,5,5
9606,5,5
9607,4,1
9608,2,1
9609,4,5
9610,1,3
9611,3,4
9612,1,2
9613,1,2
9614,5,3
9615,2,4
9616,5,4
9617,4,2
9618,2,5
9619,3,1
9620,2,4
9621,2,5
9622,5,1
9623,1,3
9624,4,2
9625,4,4
9626,4,2
9627,1,3
9628,3,5
9629,3,1
9630,3,3
9631,4,4
9632,3,3
9633,1,3
9634,5,5
9635,5,2
9636,1,1
9637,1,4
9638,5,5
9639,5,2
9640,5,4
9641,3,2
9642,4,1
9643,3,5
9644,1,1
9645,2,5
9646,2,3
9647,5,4
9648,2,5
9649,4,1
9650,2,5
9651,3,1
9652,2,3
9653,5,2
9654,2,3
9655,2,3
9656,4,5
9657,3,3
9658,5,2
9659,1,1
9660,4,3
9661,4,2
9662,2,1
9663,5,3
9664,5,5
9665,1,5
9666,4,3
9667,3,5
9668,4,3
9669,4,5
9670,3,3
9671,4,2
9672,2,4
9673,4,4
9674,4,5
9675,4,1
9676,2,3
9677,3,2
9678,5,2
9679,5,5
9680,1,1
9681,4,2
9682,5,4
9683,5,1
9684,2,3
9685,5,5
9686,4,2
9687,3,4
6300,1,1
6301,3,3
6302,3,2
6303,4,5
6304,4,1
6305,4,3
6306,3,3
6307,2,2
6308,1,3
6309,2,5
6310,1,1
6311,2,2
6312,3,3
6313,1,1
6314,2,5
6315,3,4
6316,2,2
6317,4,4
6318,1,3
6319,1,5
6320,1,3
6321,1,4
6322,3,4
6323,3,4
6324,3,2
6325,2,3
6326,5,5
6327,1,1
6328,4,3
6329,4,2
6330,1,2
6331,3,5
6332,5,5
6333,4,3
6334,5,1
6335,4,2
6336,2,5
6337,4,1
6338,3,4
6339,2,3
6340,2,5
6341,5,5
6342,2,4
6343,5,2
6344,1,3
6345,5,2
6346,2,1
6347,4,3
6348,2,4
6349,2,4
6350,5,5
6351,4,4
6352,1,3
6353,3,2
6354,5,4
6355,4,2
6356,4,1
6357,2,4
6358,4,2
6359,1,2
6360,1,2
6361,4,1
6362,4,2
6363,2,5
6364,1,1
6365,3,5
6366,1,2
6367,5,3
6368,3,3
6369,3,4
6370,1,1
6371,1,5
6372,5,2
6373,1,2
6374,2,2
6375,5,5
6376,3,1
6377,5,1
6378,3,4
6379,3,1
6380,5,3
6381,2,4
6382,1,3
6383,3,4
6384,1,4
6385,2,3
6386,4,4
6387,4,5
6388,1,2
6389,4,1
6390,2,3
6391,5,1
6392,2,3
6393,3,5
6394,1,1
6395,1,2
6396,3,2
6397,1,4
6398,3,3
6399,5,1
6400,5,1
6401,5,4
6402,4,2
6403,1,4
6404,5,1
6405,1,2
6406,4,2
6407,3,1
6408,4,2
6409,1,1
6410,3,4
6411,5,5
6412,2,2
6413,1,5
6414,3,4
6415,3,1
6416,4,1
6417,1,2
6418,1,3
6419,1,2
6420,2,1
6421,2,1
6422,3,2
6423,3,2
6424,4,2
6425,3,4
6426,1,4
6427,2,2
6428,1,4
6429,3,3
6430,5,2
6431,3,5
6432,3,4
6433,3,4
6434,2,5
6435,2,3
6436,2,2
6437,3,4
6438,5,1
6439,4,4
6440,3,4
6441,1,1
6442,4,1
6443,1,1
6444,3,3
6445,4,1
6446,5,3
6447,5,3
6448,1,1
6449,3,1
6450,4,5
6451,4,4
6452,5,5
6453,2,4
6454,5,3
6455,4,5
6456,2,3
6457,4,3
6458,3,5
6459,2,2
6460,1,3
6461,3,3
6462,2,5
6463,5,4
6464,5,1
6465,2,5
6466,4,2
6467,4,2
6468,2,1
6469,2,1
6470,1,3
6471,4,5
6472,4,5
6473,1,5
6474,4,4
6475,4,1
6476,3,2
6477,4,4
6478,2,5
6479,2,2
6480,2,1
6481,2,5
6482,2,4
6483,3,2
6484,4,3
6485,4,2
6486,3,4
6487,1,5
6488,2,2
6489,4,3
6490,2,4
6491,1,1
6492,2,4
6493,4,1
6494,5,2
6495,3,2
6496,4,1
6497,5,4
6498,3,4
6499,4,3
6500,5,4
6501,2,5
6502,3,4
6503,5,4
6504,1,3
6505,2,2
6506,2,4
6507,5,1
6508,4,1
6509,2,4
6510,5,2
6511,2,1
6512,3,2
6513,3,4
6514,4,1
6515,5,5
6516,1,2
6517,1,2
6518,1,5
6519,5,5
6520,4,5
6521,1,1
6522,2,5
6523,1,5
6524,1,5
6525,2,4
6526,4,4
6527,1,1
6528,3,3
6529,2,3
6530,3,4
6531,4,2
6532,1,2
6533,5,2
6534,1,1
6535,1,1
6536,2,3
6537,5,5
6538,1,3
6539,2,4
6540,3,1
6541,2,2
6542,3,1
6543,3,5
6544,5,1
6545,1,5
6546,4,3
6547,2,1
6548,3,5
6549,5,3
6550,4,4
6551,4,5
6552,2,3
6553,1,2
6554,5,4
6555,2,1
6556,2,3
6557,1,1
6558,1,3
6559,1,2
6560,1,4
6561,3,5
6562,2,5
6563,5,3
6564,4,1
6565,5,2
6566,2,4
6567,3,4
6568,2,5
6569,5,3
6570,5,5
6571,5,1
6572,2,5
6573,4,5
6574,1,5
6575,5,1
6576,4,5
6577,5,4
6578,3,4
6579,4,1
6580,3,1
6581,3,5
6582,5,3
6583,5,5
6584,3,1
6585,4,3
6586,3,4
6587,3,3
6588,1,5
6589,2,3
6590,5,3
6591,4,5
6592,1,1
6593,4,5
6594,1,4
6595,5,4
6596,3,4
6597,1,4
6598,2,3
6599,4,5
6600,1,2
6601,4,1
6602,3,2
6603,2,5
6604,1,4
6605,3,4
6606,3,2
6607,3,4
6608,2,4
6609,3,4
6610,4,4
6611,1,1
6612,3,5
6613,4,1
6614,2,3
6615,2,5
6616,1,2
6617,1,2
6618,3,1
6619,3,1
6620,5,3
6621,4,2
6622,4,4
6623,3,2
6624,3,5
6625,5,2
6626,1,3
6627,5,5
6628,3,4
6629,5,4
6630,3,4
6631,4,1
6632,5,3
6633,5,4
6634,2,1
6635,2,4
6636,2,5
6637,2,1
6638,3,3
6639,2,3
6640,4,5
6641,3,3
6642,5,1
6643,3,1
6644,1,4
6645,1,5
6646,1,1
6647,4,1
6648,3,5
6649,3,1
6650,5,5
6651,3,5
6652,4,3
6653,5,4
6654,3,4
6655,3,5
6656,1,1
6657,5,1
6658,5,3
6659,4,2
6660,5,5
6661,4,3
6662,3,4
6663,2,3
6664,5,3
6665,1,3
6666,3,5
6667,2,4
6668,4,2
6669,4,1
6670,1,4
6671,1,2
6672,2,1
6673,1,4
6674,2,5
6675,5,4
6676,3,2
6677,5,4
6678,3,3
6679,1,1
6680,2,3
6681,3,2
6682,5,4
6683,1,3
6684,2,5
6685,2,1
6686,4,5
6687,4,2
6688,2,3
6689,1,5
6690,1,4
6691,2,3
6692,2,2
6693,2,4
6694,3,1
6695,4,5
6696,3,4
6697,4,3
6698,1,4
6699,3,1
6700,3,3
6701,2,4
6702,5,4
6703,3,2
6704,4,1
6705,1,4
6706,1,2
6707,4,5
6708,3,2
6709,3,1
6710,5,5
6711,3,3
6712,1,3
6713,2,5
6714,3,2
6715,1,1
6716,5,4
6717,5,1
6718,5,5
6719,3,3
6720,5,4
6721,2,5
6722,5,3
6723,2,5
6724,2,3
6725,2,3
6726,4,4
6727,1,5
6728,1,2
6729,4,2
6730,4,2
6731,1,5
6732,5,5
6733,5,4
6734,4,3
6735,5,3
6736,5,1
6737,4,3
6738,3,1
6739,2,2
6740,2,5
6741,5,1
6742,2,1
6743,1,3
6744,3,1
6745,1,2
6746,4,4
6747,1,4
6748,5,4
6749,1,2
6750,1,4
6751,1,1
6752,3,5
6753,2,2
6754,1,5
6755,1,3
6756,5,2
6757,5,1
6758,3,2
6759,4,5
6760,4,3
6761,4,5
6762,1,4
6763,4,4
6764,2,2
6765,2,2
6766,2,3
6767,2,4
6768,5,1
6769,1,2
6770,1,2
6771,1,5
6772,3,2
6773,5,3
6774,4,4
6775,1,2
6776,1,5
6777,5,1
6778,2,3
6779,5,2
6780,1,3
6781,2,1
6782,2,3
6783,4,5
6784,4,1
6785,3,2
6786,4,3
6787,1,5
6788,1,2
6789,5,2
6790,3,4
6791,4,1
6792,3,5
6793,1,5
6794,2,2
6795,4,2
6796,2,4
6797,2,3
6798,5,3
6799,3,1
6800,2,4
6801,5,4
6802,2,5
6803,3,4
6804,1,3
6805,1,1
6806,5,1
6807,2,4
6808,1,5
6809,5,3
6810,2,1
6811,2,4
6812,2,3
6813,5,4
6814,1,3
6815,2,4
6816,5,5
6817,3,3
6818,2,3
6819,5,4
6820,1,3
6821,4,1
6822,1,2
6823,4,3
6824,2,2
6825,4,2
6826,1,2
6827,2,5
6828,2,3
6829,4,1
6830,2,3
6831,4,2
6832,2,4
6833,4,3
6834,5,4
6835,3,2
6836,4,3
6837,5,4
6838,4,4
6839,4,3
6840,5,2
6841,5,3
6842,1,1
6843,1,5
6844,4,2
6845,5,4
6846,4,4
6847,4,3
6848,2,2
6849,1,3
6850,3,5
6851,2,5
6852,2,5
6853,3,3
6854,2,1
6855,4,4
6856,4,4
6857,3,5
6858,1,5
6859,4,5
6860,1,1
6861,4,2
6862,2,5
6863,5,4
6864,2,2
6865,5,5
6866,1,3
6867,1,5
6868,4,4
6869,2,1
6870,3,4
6871,4,5
6872,1,3
6873,4,4
6874,5,1
6875,1,4
6876,1,3
6877,1,4
6878,1,3
6879,2,4
6880,3,3
6881,3,1
6882,4,2
6883,1,3
6884,5,4
6885,4,2
6886,2,3
6887,5,3
6888,4,1
6889,4,5
6890,3,1
6891,1,4
6892,2,2
6893,1,3
6894,5,3
6895,3,3
6896,5,5
6897,2,5
6898,1,2
6899,5,4
6900,1,4
6901,1,4
6902,3,3
6903,4,4
6904,4,1
6905,1,1
6906,4,1
6907,1,3
6908,2,3
6909,3,2
6910,4,5
6911,5,4
6912,5,4
6913,5,2
6914,3,5
6915,3,2
6916,2,2
6917,4,2
6918,4,2
6919,4,3
6920,2,3
6921,2,1
6922,4,3
6923,2,5
6924,3,3
6925,2,2
6926,3,2
6927,5,3
6928,2,2
6929,4,3
6930,3,2
6931,5,1
6932,2,1
6933,5,4
6934,2,2
6935,1,5
6936,5,5
6937,1,2
6938,4,5
6939,2,5
6940,4,4
6941,2,1
6942,5,5
6943,1,2
6944,3,5
6945,5,4
6946,1,3
6947,4,2
6948,1,4
6949,4,5
6950,2,4
6951,1,3
6952,3,2
6953,5,3
6954,1,1
6955,3,5
6956,3,3
6957,1,3
6958,3,1
6959,4,1
6960,3,3
6961,3,1
6962,2,1
6963,1,1
6964,3,2
6965,2,4
6966,5,2
6967,4,2
6968,2,5
6969,1,4
6970,4,4
6971,1,1
6972,2,2
6973,2,4
6974,5,3
6975,2,4
6976,3,3
6977,1,1
6978,2,2
6979,3,5
6980,3,3
6981,3,2
6982,2,4
6983,1,4
6984,5,5
6985,4,1
6986,5,4
6987,5,5
6988,5,2
6989,2,2
6990,4,5
6991,1,3
6992,1,2
6993,4,2
6994,3,4
6995,2,3
6996,3,5
6997,2,2
6998,5,2
6999,5,3
7000,2,2
7001,3,1
7002,2,1
7003,3,5
7004,1,2
7005,1,3
7006,2,1
7007,2,2
7008,5,1
7009,1,3
7010,2,4
7011,2,5
7012,4,5
7013,5,5
7014,5,3
7015,2,4
7016,1,5
7017,2,5
7018,3,5
7019,1,2
7020,4,5
7021,1,1
7022,3,5
7023,5,1
7024,5,4
7025,5,4
7026,5,1
7027,1,1
7028,5,5
7029,2,4
7030,4,2
7031,4,1
7032,3,3
7033,5,2
7034,3,2
7035,1,4
7036,5,3
7037,3,4
7038,5,3
7039,5,1
7040,2,2
7041,3,1
7042,5,2
7043,2,2
7044,1,5
7045,2,5
7046,5,2
7047,1,4
7048,1,4
7049,4,2
7050,5,1
7051,5,3
7052,1,1
7053,4,4
7054,3,1
7055,4,3
7056,4,4
7057,5,2
7058,5,5
7059,3,4
7060,4,2
7061,2,3
7062,2,1
7063,1,4
7064,5,1
7065,5,5
7066,2,3
7067,4,4
7068,4,5
7069,3,4
7070,4,1
7071,5,4
7072,1,2
7073,3,2
7074,1,1
7075,3,1
7076,1,2
7077,3,2
7078,2,3
7079,3,5
7080,5,3
7081,3,4
7082,4,5
7083,4,1
7084,1,4
7085,2,5
7086,2,1
7087,1,1
7088,5,3
7089,1,1
7090,5,2
7091,2,1
7092,1,1
7093,2,3
7094,2,3
7095,2,4
7096,2,5
7097,4,3
7098,1,5
7099,1,4
7100,1,4
7101,2,1
7102,4,5
7103,4,3
7104,4,1
7105,1,4
7106,5,4
7107,3,1
7108,1,2
7109,3,4
7110,3,4
7111,3,1
7112,5,2
7113,5,2
7114,4,1
7115,3,4
7116,1,2
7117,2,5
7118,3,1
7119,2,2
7120,3,2
7121,5,4
7122,3,3
7123,2,4
7124,1,3
7125,3,1
7126,4,3
7127,1,3
7128,5,1
7129,1,1
7130,2,1
7131,1,1
7132,2,1
7133,1,3
7134,1,5
7135,2,2
7136,4,3
7137,1,1
7138,3,1
7139,4,4
7140,1,2
7141,3,4
7142,5,1
7143,3,5
7144,3,4
7145,3,3
7146,2,3
7147,5,2
7148,3,3
7149,2,4
7150,4,3
7151,1,4
7152,2,4
7153,2,3
7154,3,3
7155,4,3
7156,4,5
7157,3,4
7158,5,5
7159,3,4
7160,4,1
7161,1,2
7162,5,4
7163,1,4
7164,3,1
7165,4,5
7166,2,3
7167,2,3
7168,2,3
7169,4,3
7170,2,4
7171,5,2
7172,2,1
7173,4,5
7174,4,3
7175,3,5
7176,5,5
7177,1,3
7178,2,5
7179,5,4
7180,1,2
7181,4,2
7182,4,2
7183,2,5
7184,1,4
7185,4,1
7186,5,5
7187,4,3
7188,3,1
7189,3,5
7190,5,2
7191,3,1
7192,3,4
7193,2,4
7194,2,2
7195,5,3
7196,4,1
7197,5,3
7198,1,4
7199,5,2
7200,5,3
7201,1,4
7202,3,1
7203,3,5
7204,2,3
7205,4,1
7206,3,3
7207,4,1
7208,1,4
7209,3,4
7210,4,5
7211,4,4
7212,1,3
7213,3,4
7214,4,2
7215,2,2
7216,2,3
7217,3,3
7218,5,3
7219,4,5
7220,4,5
7221,5,2
7222,5,5
7223,2,1
7224,4,2
7225,2,3
7226,5,4
7227,5,3
7228,1,4
7229,4,5
7230,2,5
7231,1,4
7232,3,1
7233,3,5
7234,5,3
7235,5,5
7236,2,3
7237,1,1
7238,2,1
7239,5,2
7240,5,3
7241,3,2
7242,5,3
7243,1,5
7244,4,2
7245,5,3
7246,5,5
7247,1,3
7248,4,3
7249,3,1
7250,4,4
7251,1,3
7252,2,5
7253,4,4
7254,2,1
7255,4,3
7256,1,1
7257,1,3
7258,3,5
7259,3,2
7260,4,3
7261,5,3
7262,4,4
7263,5,5
7264,5,3
7265,2,1
7266,1,4
7267,2,5
7268,3,1
7269,5,3
7270,5,5
7271,2,4
7272,5,2
7273,5,2
7274,1,2
7275,3,3
7276,3,5
7277,4,2
7278,1,3
7279,2,3
7280,1,5
7281,1,3
7282,1,1
7283,1,4
7284,5,5
7285,2,4
7286,4,3
7287,1,1
7288,4,1
7289,3,3
7290,4,3
7291,4,4
7292,2,5
7293,4,1
7294,2,2
7295,4,4
7296,1,2
7297,1,1
7298,4,4
7299,2,5
7300,4,4
7301,1,2
7302,5,3
7303,3,2
7304,3,2
7305,2,3
7306,3,5
7307,2,4
7308,2,2
7309,3,1
7310,4,4
7311,4,2
7312,1,4
7313,3,2
7314,2,5
7315,1,2
7316,5,4
7317,3,1
7318,3,3
7319,3,1
7320,5,4
7321,2,1
7322,3,4
7323,4,1
7324,3,1
7325,4,1
7326,1,2
7327,5,3
7328,4,4
7329,4,4
7330,1,2
7331,2,4
7332,5,1
7333,3,2
7334,5,1
7335,4,4
7336,5,4
7337,2,1
7338,2,5
7339,4,5
7340,2,2
7341,2,3
7342,1,5
7343,5,3
7344,5,1
7345,2,3
7346,1,1
7347,1,3
7348,5,2
7349,3,3
7350,2,5
7351,5,1
7352,4,4
7353,3,4
7354,4,1
7355,3,5
7356,3,1
7357,2,5
7358,3,4
7359,3,2
7360,1,1
7361,4,2
7362,2,1
7363,4,2
7364,2,3
7365,3,3
7366,1,2
7367,3,1
7368,3,2
7369,4,1
7370,5,3
7371,2,2
7372,2,5
7373,2,3
7374,2,1
7375,1,3
7376,3,1
7377,4,3
7378,3,3
7379,3,1
7380,3,5
7381,1,1
7382,1,5
7383,4,1
7384,1,2
7385,3,4
7386,4,5
7387,3,3
7388,1,2
7389,1,5
7390,4,4
7391,2,5
7392,2,4
7393,2,2
7394,5,3
7395,5,3
7396,1,5
7397,1,2
7398,3,1
7399,2,1
7400,1,1
7401,2,2
7402,3,3
7403,1,1
7404,4,4
7405,4,1
7406,5,1
7407,3,2
7408,2,5
7409,5,4
7410,4,1
7411,1,1
7412,3,3
7413,4,3
7414,2,5
7415,2,3
7416,5,5
7417,5,4
7418,2,3
7419,1,5
7420,2,1
7421,5,1
7422,1,4
7423,2,2
7424,3,2
7425,5,4
7426,5,1
7427,4,3
7428,5,4
7429,3,1
7430,1,3
7431,3,1
7432,5,4
7433,5,4
7434,1,2
7435,2,1
7436,3,4
7437,3,2
7438,1,4
7439,2,4
7440,5,5
7441,4,5
7442,5,5
7443,1,3
7444,3,1
7445,1,5
7446,4,5
7447,1,5
7448,1,4
7449,4,4
7450,5,4
7451,4,2
7452,4,4
7453,2,2
7454,2,5
7455,4,3
7456,1,3
7457,4,1
7458,3,5
7459,3,5
7460,3,1
7461,3,3
7462,1,4
7463,1,4
7464,2,5
7465,5,4
7466,1,5
7467,3,1
7468,3,3
7469,3,1
7470,2,3
7471,2,2
7472,5,1
7473,5,4
7474,5,5
7475,3,3
7476,2,3
7477,5,2
7478,1,2
7479,3,5
7480,4,3
7481,1,3
7482,1,3
7483,1,2
7484,1,1
7485,1,4
7486,4,2
7487,5,4
7488,5,2
7489,3,1
7490,5,4
7491,5,1
7492,2,4
7493,3,1
7494,1,1
7495,4,2
7496,3,3
7497,2,1
7498,2,4
7499,2,3
7500,3,4
7501,4,4
7502,2,4
7503,4,1
7504,5,4
7505,4,3
7506,4,2
7507,3,1
7508,5,3
7509,2,1
7510,5,3
7511,3,3
7512,4,5
7513,5,5
7514,3,5
7515,1,1
7516,2,1
7517,5,2
7518,3,1
7519,2,3
7520,5,2
7521,2,1
7522,2,5
7523,3,2
7524,1,5
7525,1,1
7526,4,2
7527,1,4
7528,5,2
7529,5,4
7530,2,3
7531,4,2
7532,2,5
7533,4,5
7534,3,5
7535,2,2
7536,3,3
7537,2,5
7538,2,5
7539,5,2
7540,5,5
7541,5,1
7542,4,4
7543,2,2
7544,2,4
7545,4,2
7546,2,2
7547,3,5
7548,4,4
7549,5,4
7550,4,4
7551,4,2
7552,1,1
7553,2,3
7554,5,5
7555,3,5
7556,3,2
7557,2,5
7558,3,4
7559,2,3
7560,1,2
7561,2,2
7562,2,1
7563,2,5
7564,4,1
7565,4,3
7566,2,4
7567,3,3
7568,1,2
7569,3,5
7570,1,5
7571,3,3
7572,2,3
7573,3,4
7574,4,4
7575,3,3
7576,1,3
7577,1,2
7578,3,1
7579,5,2
7580,2,4
7581,5,3
7582,3,4
7583,1,2
7584,1,1
7585,4,2
7586,5,3
7587,2,3
7588,1,5
7589,3,3
7590,2,4
7591,3,4
7592,4,5
7593,1,5
7594,5,3
7595,4,2
7596,3,3
7597,1,4
7598,2,5
7599,4,5
7600,3,2
7601,3,4
7602,1,1
7603,1,3
7604,2,4
7605,1,1
7606,4,5
7607,1,1
7608,2,5
7609,5,1
7610,1,2
7611,5,4
7612,4,1
7613,4,2
7614,2,2
7615,2,4
7616,2,3
7617,4,2
7618,4,5
7619,3,2
7620,2,1
7621,2,3
7622,4,3
7623,4,5
7624,4,2
7625,2,2
7626,1,1
7627,1,3
7628,2,1
7629,4,5
7630,2,1
7631,5,2
7632,1,5
7633,3,5
7634,5,2
7635,5,1
7636,1,4
7637,3,1
7638,2,3
7639,2,4
7640,5,5
7641,4,2
7642,5,2
7643,3,4
7644,5,5
7645,5,3
7646,4,3
7647,2,1
7648,4,2
7649,4,3
7650,2,5
7651,3,1
7652,2,5
7653,1,4
7654,3,4
7655,5,5
7656,3,5
7657,3,4
7658,1,1
7659,4,4
7660,5,4
7661,1,4
7662,2,4
7663,4,1
7664,3,5
7665,4,2
7666,2,2
7667,5,5
7668,2,1
7669,2,5
7670,1,5
7671,5,1
7672,3,4
7673,4,3
7674,2,2
7675,2,1
7676,3,1
7677,5,2
7678,1,1
7679,5,1
7680,5,1
7681,4,4
7682,1,3
7683,2,3
7684,5,4
7685,2,2
7686,4,4
7687,5,5
7688,2,2
7689,3,4
7690,5,3
7691,4,3
7692,5,1
7693,5,2
7694,1,4
7695,2,2
7696,1,2
7697,3,3
7698,1,2
7699,5,3
7700,5,2
7701,4,2
7702,3,1
7703,2,1
7704,1,1
7705,3,3
7706,2,4
7707,1,4
7708,5,4
7709,5,4
7710,1,5
7711,2,2
7712,3,5
7713,1,1
7714,5,2
7715,5,2
7716,5,5
7717,1,3
7718,3,1
7719,2,3
7720,3,2
7721,2,4
7722,5,4
7723,2,2
7724,2,3
7725,2,4
7726,3,2
7727,2,4
7728,5,2
7729,5,4
7730,3,3
7731,3,1
7732,4,2
7733,5,3
7734,5,5
7735,4,1
7736,5,1
7737,2,5
7738,2,5
7739,2,2
7740,4,1
7741,5,3
7742,4,5
7743,3,4
7744,3,5
7745,1,5
7746,1,2
7747,2,4
7748,2,4
7749,1,4
7750,5,1
7751,3,1
7752,4,5
7753,5,5
7754,5,2
7755,2,4
7756,5,1
7757,4,3
7758,1,4
7759,4,5
7760,5,1
7761,4,2
7762,5,2
7763,1,1
7764,1,3
7765,4,2
7766,4,5
7767,5,4
7768,2,5
7769,2,3
7770,1,5
7771,5,3
7772,4,1
7773,5,2
7774,5,2
7775,5,4
7776,2,2
7777,5,1
7778,5,1
7779,5,5
7780,4,2
7781,4,3
7782,1,4
7783,2,1
7784,3,4
7785,5,1
7786,5,4
7787,2,5
7788,1,3
7789,2,2
7790,5,1
7791,2,2
7792,1,1
7793,1,3
7794,1,3
7795,1,3
7796,3,5
7797,2,2
7798,5,3
7799,2,4
7800,1,3
7801,5,2
7802,1,4
7803,3,1
7804,5,1
7805,3,2
7806,5,3
7807,4,5
7808,1,2
7809,2,4
7810,1,2
7811,4,4
7812,5,5
7813,4,4
7814,3,5
7815,1,3
7816,4,4
7817,1,1
7818,3,5
7819,1,2
7820,1,5
7821,3,5
7822,1,3
7823,3,4
7824,4,5
7825,2,3
7826,1,3
7827,1,5
7828,4,3
7829,2,2
7830,1,1
7831,5,1
7832,1,1
7833,3,3
7834,2,1
7835,3,2
7836,5,5
7837,2,3
7838,4,4
7839,1,2
7840,4,4
7841,3,1
7842,1,4
7843,4,1
7844,3,3
7845,1,2
7846,4,2
7847,1,4
7848,3,1
7849,3,2
7850,2,1
7851,1,3
7852,4,4
7853,3,4
7854,3,1
7855,4,4
7856,3,5
7857,3,5
7858,1,4
7859,1,3
7860,1,5
7861,2,4
7862,5,1
7863,5,3
7864,4,1
7865,3,4
7866,2,4
7867,3,2
7868,3,2
7869,3,1
7870,2,1
7871,4,3
7872,5,2
7873,5,5
7874,5,2
7875,4,5
7876,4,4
7877,5,2
7878,5,3
7879,4,1
7880,4,2
7881,1,1
7882,2,4
7883,5,3
7884,1,2
7885,2,5
7886,5,1
7887,4,2
7888,5,4
7889,3,4
7890,1,4
7891,1,4
7892,4,3
7893,3,1
7894,2,5
7895,1,5
7896,2,4
7897,5,5
7898,4,1
7899,4,1
7900,5,1
7901,2,1
7902,1,1
7903,5,2
7904,2,4
7905,5,4
7906,4,5
7907,1,2
7908,4,2
7909,5,2
7910,5,1
7911,2,4
7912,3,4
7913,2,2
7914,3,3
7915,1,4
7916,1,2
7917,3,3
7918,5,2
7919,1,5
7920,2,2
7921,1,3
7922,2,5
7923,3,5
7924,3,2
7925,1,5
7926,1,4
7927,4,2
7928,3,1
7929,4,2
7930,1,2
7931,3,1
7932,2,2
7933,5,4
7934,3,5
7935,4,4
7936,1,1
7937,2,3
7938,4,3
7939,4,1
7940,3,4
7941,1,3
7942,4,4
7943,5,4
7944,3,1
7945,1,2
7946,2,1
7947,2,3
7948,5,1
7949,5,1
7950,3,2
7951,5,4
7952,4,1
7953,4,1
7954,3,5
7955,4,1
7956,2,3
7957,1,4
7958,5,2
7959,2,1
7960,2,1
7961,5,2
7962,5,5
7963,3,5
7964,3,1
7965,2,2
7966,4,2
7967,3,4
7968,2,1
7969,5,3
7970,5,3
7971,5,5
7972,5,4
7973,5,3
7974,5,5
7975,4,5
7976,3,2
7977,2,1
7978,2,3
7979,1,2
7980,2,4
7981,5,4
7982,2,5
7983,1,2
7984,2,3
7985,3,5
7986,4,2
7987,5,3
7988,3,3
7989,3,1
7990,2,4
7991,3,2
7992,5,1
7993,5,2
7994,4,4
7995,1,5
7996,5,5
7997,2,5
7998,1,5
7999,2,1
8000,3,2
8001,4,2
8002,2,2
8003,3,3
8004,4,1
8005,3,4
8006,2,4
8007,3,2
8008,3,1
8009,5,1
8010,1,1
8011,3,3
8012,3,1
8013,2,3
8014,3,5
8015,4,4
8016,5,4
8017,4,2
8018,2,1
8019,4,5
8020,5,1
8021,5,1
8022,3,5
8023,4,1
8024,4,4
8025,4,4
8026,4,5
8027,3,1
8028,1,4
8029,1,1
8030,3,1
8031,1,1
8032,4,5
8033,3,3
8034,3,3
8035,3,1
8036,5,2
8037,3,3
8038,2,1
8039,2,4
8040,1,4
8041,5,4
8042,3,2
8043,2,2
8044,4,3
8045,1,2
8046,1,4
8047,2,2
8048,3,3
8049,2,5
8050,1,3
8051,5,4
8052,5,3
8053,4,4
8054,5,5
8055,1,3
8056,3,4
8057,2,1
8058,1,4
8059,1,2
8060,4,4
8061,2,3
8062,2,3
8063,5,3
8064,2,2
8065,2,1
8066,2,3
8067,2,5
8068,4,2
8069,3,4
8070,1,4
8071,2,4
8072,2,1
8073,2,5
8074,5,2
8075,4,3
8076,5,5
8077,1,2
8078,4,1
8079,4,2
8080,4,5
8081,2,2
8082,3,3
8083,5,3
8084,5,4
8085,4,4
8086,2,1
8087,2,3
8088,4,3
8089,1,5
8090,1,2
8091,3,4
8092,4,3
8093,1,5
8094,5,2
8095,2,5
8096,4,5
8097,1,2
8098,2,3
8099,1,3
8100,4,1
8101,3,5
8102,4,3
8103,2,1
8104,5,5
8105,3,2
8106,2,5
8107,3,4
8108,2,3
8109,3,4
8110,1,2
8111,4,1
8112,5,2
8113,1,1
8114,2,1
8115,5,2
8116,1,5
8117,4,3
8118,3,2
8119,1,2
8120,2,1
8121,5,5
8122,2,1
8123,4,3
8124,2,2
8125,2,2
8126,4,1
8127,4,1
8128,3,1
8129,2,3
8130,1,1
8131,3,5
8132,5,5
8133,3,2
8134,1,2
8135,5,3
8136,3,5
8137,5,2
8138,3,5
8139,4,5
8140,2,4
8141,1,1
8142,5,5
8143,1,3
8144,2,3
8145,2,2
8146,4,4
8147,4,3
8148,5,1
8149,3,4
8150,1,5
8151,1,2
8152,3,2
8153,1,3
8154,5,3
8155,3,3
8156,2,3
8157,2,4
8158,1,3
8159,3,5
8160,2,3
8161,3,3
8162,3,4
8163,4,5
8164,3,1
8165,1,4
8166,2,1
8167,2,1
8168,3,4
8169,4,4
8170,2,5
8171,5,4
8172,5,5
8173,3,3
8174,4,2
8175,1,5
8176,5,3
8177,4,3
8178,2,5
8179,1,4
8180,5,2
8181,4,1
8182,4,4
8183,2,1
8184,3,2
8185,4,1
8186,3,1
8187,2,4
8188,5,5
8189,1,2
8190,2,5
8191,3,2
8192,2,3
8193,1,3
8194,3,4
8195,5,3
8196,3,2
8197,1,2
8198,1,3
8199,1,4
8200,1,4
8201,2,4
8202,4,5
8203,1,1
8204,3,5
8205,4,1
8206,3,3
8207,1,3
8208,3,4
8209,3,3
8210,2,1
8211,2,1
8212,4,3
8213,3,2
8214,5,1
8215,4,3
8216,2,1
8217,2,4
8218,2,3
8219,3,1
8220,1,4
8221,5,2
8222,2,2
8223,4,4
8224,1,5
8225,1,3
8226,3,3
8227,5,3
8228,2,1
8229,3,5
8230,2,4
8231,2,5
8232,3,4
8233,2,3
8234,3,1
8235,2,3
8236,3,2
8237,3,1
8238,1,1
8239,2,4
8240,5,4
8241,1,2
8242,2,3
8243,1,5
8244,1,1
8245,5,3
8246,2,4
8247,2,1
8248,2,2
8249,1,3
8250,2,4
8251,2,4
8252,5,4
8253,3,4
8254,3,4
8255,5,3
8256,4,4
8257,1,3
8258,1,4
8259,3,1
8260,4,4
8261,4,1
8262,4,2
8263,3,4
8264,1,5
8265,4,2
8266,1,5
8267,4,4
8268,2,4
8269,4,2
8270,2,4
8271,5,4
8272,2,5
8273,2,1
8274,3,3
8275,5,4
8276,3,4
8277,4,3
8278,4,1
8279,3,2
8280,1,4
8281,3,4
8282,4,1
8283,4,4
8284,4,2
8285,3,1
8286,3,4
8287,3,5
8288,5,2
8289,1,2
8290,5,4
8291,5,4
8292,3,4
8293,3,1
8294,5,3
8295,2,5
8296,2,1
8297,4,1
8298,3,5
8299,1,2
8300,2,5
8301,3,5
8302,4,4
8303,3,3
8304,1,1
8305,1,1
8306,2,5
8307,1,2
8308,1,2
8309,1,4
8310,2,1
8311,3,1
8312,2,2
8313,3,3
8314,5,2
8315,4,4
8316,5,3
8317,5,2
8318,2,3
8319,5,3
8320,2,5
8321,1,1
8322,1,3
8323,2,4
8324,5,3
8325,3,1
8326,3,4
8327,2,4
8328,2,5
8329,1,1
8330,2,4
8331,1,2
8332,4,3
8333,4,1
8334,1,5
8335,1,3
8336,4,5
8337,1,2
8338,3,4
8339,1,2
8340,3,4
8341,1,1
8342,3,3
8343,4,3
8344,3,1
8345,1,5
8346,4,2
8347,5,4
8348,3,4
8349,1,2
8350,2,3
8351,3,3
8352,2,2
8353,2,5
8354,3,1
8355,2,2
8356,1,1
8357,3,1
8358,3,2
8359,3,2
8360,4,1
8361,5,2
8362,4,4
8363,3,2
8364,1,4
8365,5,5
8366,4,3
8367,1,5
8368,5,1
8369,2,3
8370,1,2
8371,2,2
8372,1,3
8373,2,3
8374,1,3
8375,1,1
8376,2,2
8377,4,2
8378,4,1
8379,1,5
8380,1,5
8381,5,1
8382,3,5
8383,5,2
8384,3,5
8385,3,4
8386,4,3
8387,3,1
8388,5,2
8389,2,4
8390,1,1
8391,3,4
8392,4,4
8393,2,5
8394,2,1
8395,5,1
8396,3,2
8397,2,2
8398,5,2
8399,4,5
8400,3,4
8401,5,3
8402,3,1
8403,4,2
8404,4,5
8405,3,2
8406,1,4
8407,4,4
8408,3,5
8409,1,5
8410,3,4
8411,3,1
8412,1,2
8413,3,1
8414,2,3
8415,3,3
8416,5,1
8417,4,2
8418,1,5
8419,2,3
8420,2,3
8421,1,1
8422,2,1
8423,3,4
8424,3,2
8425,5,2
8426,3,3
8427,5,4
8428,1,3
8429,1,4
8430,5,3
8431,5,4
8432,1,4
8433,4,5
8434,5,3
8435,5,3
8436,4,1
8437,3,3
8438,2,5
8439,2,5
8440,2,1
8441,4,5
8442,2,2
8443,1,5
8444,3,1
8445,5,5
8446,2,2
8447,2,3
8448,2,2
8449,2,2
8450,5,4
8451,4,5
8452,4,1
8453,5,4
8454,3,4
8455,1,1
8456,2,4
8457,4,4
8458,5,5
8459,4,2
8460,1,5
8461,5,3
8462,5,1
8463,2,2
8464,4,4
8465,1,1
8466,4,2
8467,1,4
8468,5,1
8469,5,2
8470,4,5
8471,3,5
8472,5,3
8473,5,3
8474,1,4
8475,1,4
8476,2,2
8477,1,4
8478,5,1
8479,1,4
8480,2,3
8481,4,2
8482,4,1
8483,1,2
8484,2,3
8485,4,2
8486,5,1
8487,3,4
8488,3,1
8489,4,1
8490,1,1
8491,4,3
8492,1,1
8493,2,2
8494,3,3
8495,2,3
8496,2,3
8497,4,1
8498,4,1
8499,1,2
8500,1,3
8501,3,1
8502,2,5
8503,4,1
8504,4,5
8505,5,3
8506,3,3
8507,3,1
8508,2,5
8509,5,3
8510,2,3
8511,2,3
8512,5,2
8513,1,2
8514,1,2
8515,1,5
8516,4,5
8517,2,3
8518,4,2
8519,5,3
8520,3,4
8521,4,1
8522,3,1
8523,3,5
8524,3,1
8525,5,1
8526,4,4
8527,5,1
8528,2,5
8529,5,3
8530,5,4
8531,5,3
8532,1,3
8533,4,4
8534,4,5
8535,1,4
8536,1,2
8537,3,3
8538,2,2
8539,4,5
8540,2,2
8541,3,2
8542,1,3
8543,4,1
8544,2,3
8545,4,5
8546,2,5
8547,3,3
8548,1,1
8549,1,2
8550,4,3
8551,2,1
8552,2,4
8553,4,5
8554,4,4
8555,5,1
8556,3,2
8557,5,1
8558,3,4
8559,4,1
8560,1,4
8561,1,5
8562,4,1
8563,3,3
8564,2,4
8565,5,3
8566,1,4
8567,2,1
8568,5,2
8569,2,3
8570,1,1
8571,5,5
8572,3,1
8573,1,2
8574,2,5
8575,3,4
8576,3,1
8577,3,3
8578,4,1
8579,2,4
8580,5,4
8581,3,4
8582,1,3
8583,5,5
8584,2,1
8585,2,4
8586,4,5
8587,4,2
8588,3,5
8589,4,2
8590,3,4
8591,4,3
8592,3,5
8593,3,5
8594,5,5
8595,3,4
8596,2,3
8597,4,1
8598,5,1
8599,4,3
8600,4,4
8601,1,3
8602,1,5
8603,1,4
8604,5,4
8605,3,5
8606,2,4
8607,4,2
8608,1,5
8609,2,2
8610,1,2
8611,5,4
8612,3,4
8613,3,1
8614,5,5
8615,1,2
8616,4,3
8617,3,3
8618,2,5
8619,3,3
8620,5,2
8621,3,1
8622,1,5
8623,5,1
8624,1,3
8625,1,1
8626,2,2
8627,2,2
8628,3,3
8629,3,1
8630,1,4
8631,4,3
8632,4,4
8633,5,3
8634,3,4
8635,5,3
8636,5,4
8637,3,2
8638,4,2
8639,1,2
8640,3,1
8641,2,4
8642,2,4
8643,1,2
8644,2,2
8645,1,1
8646,1,4
8647,3,2
8648,3,5
8649,4,5
8650,3,1
8651,1,5
8652,1,4
8653,2,4
8654,2,2
8655,2,1
8656,1,2
8657,2,5
8658,3,4
8659,2,1
8660,5,2
8661,3,5
8662,1,2
8663,1,1
8664,4,1
8665,3,2
8666,2,3
8667,3,1
8668,1,2
8669,5,4
8670,2,2
8671,5,5
8672,1,2
8673,5,1
8674,5,2
8675,4,3
8676,1,2
8677,2,3
8678,2,2
8679,2,4
8680,2,3
8681,5,1
8682,5,2
8683,1,4
8684,1,1
8685,4,4
8686,1,5
8687,3,5
8688,5,4
8689,1,2
8690,5,5
8691,1,5
8692,4,3
8693,2,3
8694,4,2
8695,5,4
8696,5,3
8697,5,1
8698,4,3
8699,5,4
8700,3,3
8701,3,1
8702,2,3
8703,1,5
8704,2,3
8705,4,1
8706,5,3
8707,2,1
8708,2,5
8709,4,1
8710,5,2
8711,1,5
8712,4,3
8713,4,3
8714,3,3
8715,4,4
8716,5,5
8717,2,5
8718,5,2
8719,3,2
8720,3,2
8721,5,3
8722,5,2
8723,2,2
8724,3,1
8725,1,5
8726,1,1
8727,3,3
8728,3,4
8729,4,5
8730,2,3
8731,5,3
8732,2,2
8733,5,5
8734,3,5
8735,2,5
8736,5,3
8737,4,4
8738,3,5
8739,3,5
8740,4,3
8741,5,5
8742,4,2
8743,2,4
8744,1,2
8745,1,1
8746,4,3
8747,1,5
8748,1,3
8749,1,5
8750,5,1
8751,1,3
8752,1,1
8753,4,4
8754,4,4
8755,1,3
8756,4,3
8757,2,2
8758,1,4
8759,1,2
8760,5,5
8761,4,1
8762,2,3
8763,4,5
8764,3,1
8765,2,4
8766,4,4
8767,3,3
8768,1,4
8769,1,1
8770,2,4
8771,1,2
8772,5,3
8773,3,1
8774,1,3
8775,2,5
8776,4,3
8777,3,1
8778,5,3
8779,2,3
8780,4,4
8781,5,3
8782,2,2
8783,4,1
8784,1,3
8785,1,1
8786,4,2
8787,2,3
8788,2,3
8789,2,5
8790,4,2
8791,1,4
8792,1,3
8793,2,2
8794,4,1
8795,2,1
8796,2,3
8797,5,2
8798,3,4
8799,5,5
8800,2,3
8801,5,2
8802,1,2
8803,5,3
8804,2,5
8805,3,5
8806,1,2
8807,3,4
8808,1,3
8809,2,2
8810,1,5
8811,5,5
8812,3,1
8813,4,5
8814,5,5
8815,4,1
8816,4,2
8817,2,1
8818,5,1
8819,3,4
8820,1,3
8821,2,5
8822,3,1
8823,1,5
8824,3,3
8825,5,2
8826,5,2
8827,1,3
8828,4,3
8829,5,2
8830,5,2
8831,5,1
8832,3,3
8833,4,3
8834,4,1
8835,3,4
8836,1,4
8837,3,4
8838,3,5
8839,3,4
8840,4,3
8841,1,4
8842,2,4
8843,3,2
8844,5,3
8845,3,4
8846,5,4
8847,4,5
8848,4,1
8849,5,4
8850,4,3
8851,4,4
8852,5,5
8853,2,5
8854,2,5
8855,5,3
8856,2,4
8857,4,5
8858,1,1
8859,5,4
8860,1,4
8861,4,5
8862,2,1
8863,5,1
8864,3,3
8865,5,5
8866,5,5
8867,5,2
8868,2,2
8869,3,1
8870,5,3
8871,3,1
8872,4,1
8873,1,4
8874,4,2
8875,3,5
8876,2,2
8877,3,2
8878,1,2
8879,1,5
8880,5,2
8881,1,5
8882,2,2
8883,3,5
8884,4,3
8885,5,3
8886,3,5
8887,5,4
8888,3,4
8889,3,1
8890,5,3
8891,5,2
8892,4,5
8893,1,3
8894,3,3
8895,5,4
8896,1,5
8897,1,1
8898,5,4
8899,3,5
8900,1,2
8901,3,4
8902,1,2
8903,1,4
8904,4,3
8905,5,4
8906,3,5
8907,4,4
8908,4,2
8909,5,1
8910,1,1
8911,2,2
8912,1,1
8913,2,4
8914,2,1
8915,2,1
8916,4,2
8917,3,2
8918,3,4
8919,1,3
8920,5,3
8921,5,5
8922,5,4
8923,5,5
8924,2,1
8925,5,4
8926,2,3
8927,5,2
8928,1,3
8929,5,3
8930,1,1
8931,1,4
8932,3,2
8933,2,4
8934,3,1
8935,3,2
8936,2,1
8937,4,3
8938,1,2
8939,5,4
8940,5,1
8941,5,4
8942,2,2
8943,2,2
8944,5,4
8945,2,3
8946,1,3
8947,4,5
8948,2,3
8949,1,3
8950,1,3
8951,5,2
8952,5,5
8953,5,5
8954,5,2
8955,4,5
8956,5,4
8957,3,3
8958,3,3
8959,5,5
8960,1,1
8961,2,3
8962,4,1
8963,3,1
8964,5,5
8965,3,5
8966,1,3
8967,2,2
8968,1,4
8969,5,1
8970,3,5
8971,1,5
8972,3,1
8973,5,3
8974,5,2
8975,1,2
8976,1,4
8977,4,1
8978,5,5
8979,3,2
8980,1,2
8981,2,4
8982,2,3
8983,4,5
8984,3,1
8985,2,2
8986,1,5
8987,4,3
8988,5,4
8989,3,1
8990,2,3
8991,2,2
8992,1,4
8993,4,2
8994,4,2
8995,4,1
8996,4,3
8997,2,5
8998,1,4
8999,1,2
9000,5,3
9001,3,4
9002,3,5
9003,3,1
9004,5,3
9005,1,1
9006,1,5
9007,3,4
9008,1,3
9009,2,5
9010,1,5
9011,2,2
9012,4,3
9013,4,4
9014,1,3
9015,5,4
9016,5,5
9017,3,5
9018,1,1
9019,3,5
9020,3,1
9021,2,2
9022,2,5
9023,1,4
9024,3,3
9025,1,1
9026,5,4
9027,1,1
9028,5,2
9029,3,3
9030,4,1
9031,2,5
9032,2,2
9033,5,4
9034,3,3
9035,4,3
9036,2,5
9037,3,4
9038,4,1
9039,5,2
9040,1,5
9041,3,4
9042,2,2
9043,3,2
9044,2,3
9045,3,4
9046,4,1
9047,3,4
9048,2,2
9049,3,4
9050,4,3
9051,2,1
9052,3,2
9053,1,3
9054,2,5
9055,2,4
9056,5,5
9057,2,3
9058,4,1
9059,5,4
9060,3,3
9061,1,3
9062,2,1
9063,2,5
9064,3,3
9065,1,1
9066,4,2
9067,1,1
9068,4,4
9069,3,3
9070,4,2
9071,2,5
9072,5,2
9073,5,4
9074,3,3
9075,5,2
9076,5,5
9077,2,1
9078,3,5
9079,2,4
9080,3,2
9081,4,4
9082,2,3
9083,5,3
9084,1,2
9085,3,3
9086,5,3
9087,1,2
9088,2,3
9089,1,1
9090,2,5
9091,2,1
9092,5,1
9093,2,3
9094,4,4
9095,2,2
9096,4,4
9097,2,1
9098,1,5
9099,2,2
9100,5,4
9101,4,4
9102,4,5
9103,2,3
9104,2,4
9105,3,2
9106,5,3
9107,4,1
9108,2,2
9109,3,4
9110,5,1
9111,5,1
9112,1,2
9113,3,5
9114,1,3
9115,2,3
9116,2,5
9117,3,2
9118,5,1
9119,5,3
9120,2,3
9121,1,2
9122,4,5
9123,3,4
9124,1,4
9125,4,5
9126,4,4
9127,2,1
9128,4,5
9129,2,4
9130,1,3
9131,4,3
9132,4,1
9133,2,4
9134,3,5
9135,5,4
9136,1,3
9137,1,3
9138,3,3
9139,1,4
9140,1,1
9141,3,3
9142,1,1
9143,2,4
9144,1,3
9145,3,4
9146,4,1
9147,1,4
9148,2,1
9149,2,2
9150,3,1
9151,3,5
9152,5,4
9153,4,1
9154,1,5
9155,1,4
9156,5,5
9157,2,1
9158,3,5
9159,4,4
9160,2,3
9161,5,2
9162,2,3
9163,1,4
9164,2,2
9165,3,5
9166,2,4
9167,2,3
9168,1,1
9169,5,1
9170,1,2
9171,4,2
9172,2,4
9173,4,4
9174,5,3
9175,5,1
9176,2,1
9177,1,4
9178,4,2
9179,4,2
9180,1,3
9181,4,2
9182,3,1
9183,3,3
9184,4,3
9185,2,3
9186,1,4
9187,5,1
9188,4,2
9189,4,4
9190,3,1
9191,5,2
9192,5,3
9193,3,3
9194,5,4
9195,2,2
9196,4,3
9197,2,5
9198,3,4
9199,5,4
9200,2,1
9201,2,4
9202,5,1
9203,1,3
9688,1,4
9689,4,3
9690,5,5
9691,3,5
9692,3,3
9693,4,5
9694,2,1
9695,1,4
9696,1,4
9697,3,3
9698,1,2
9699,2,5
9700,5,2
9701,2,1
9702,5,5
9703,3,4
9704,4,2
9705,5,2
9706,1,3
9707,2,5
9708,3,5
9709,5,2
9710,2,4
9711,5,1
9712,3,3
9713,2,2
9714,3,2
9715,3,3
9716,3,4
9717,2,5
9718,5,5
9719,1,4
9720,2,5
9721,1,1
9722,2,2
9723,5,2
9724,3,1
9725,2,1
9726,4,1
9727,1,5
9728,4,3
9729,3,3
9730,2,3
9731,4,1
9732,4,1
9733,3,2
9734,3,3
9735,3,5
9736,2,3
9737,3,2
9738,5,5
9739,1,4
9740,2,3
9741,2,2
9742,5,2
9743,4,4
9744,4,5
9745,5,4
9746,5,1
9747,1,5
9748,1,1
9749,5,5
9750,5,2
9751,3,2
9752,5,1
9753,1,1
9754,3,4
9755,1,2
9756,4,1
9757,2,5
9758,2,5
9759,3,5
9760,2,4
9761,2,4
9762,3,3
9763,4,4
9764,1,2
9765,4,2
9766,3,3
9767,4,4
9768,4,2
9769,2,5
9770,5,5
9771,5,1
9772,3,4
9773,1,3
9774,5,1
9775,1,3
9776,2,1
9777,4,3
9778,2,1
9779,2,4
9780,4,3
9781,1,1
9782,1,3
9783,1,5
9784,3,3
9785,5,1
9786,5,5
9787,5,5
9788,2,5
9789,1,1
9790,3,1
9791,2,4
9792,3,2
9793,4,4
9794,4,5
9795,4,1
9796,4,1
9797,1,4
9798,2,1
9799,1,5
9800,4,5
9801,5,3
9802,3,2
9803,3,4
9804,5,4
9805,3,3
9806,2,3
9807,5,5
9808,5,2
9809,5,2
9810,3,3
9811,3,5
9812,1,4
9813,3,1
9814,3,3
9815,1,5
9816,3,2
9817,4,1
9818,1,5
9819,2,4
9820,1,1
9821,5,2
9822,1,4
9823,4,2
9824,2,2
9825,3,3
9826,2,3
9827,2,4
9828,4,4
9829,2,1
9830,2,2
9831,1,2
9832,1,1
9833,1,2
9834,2,1
9835,2,5
9836,1,4
9837,3,2
9838,2,2
9839,4,5
9840,3,3
9841,4,3
9842,3,2
9843,1,5
9844,3,4
9845,5,2
9846,3,2
9847,2,5
9848,3,4
9849,4,3
9850,5,5
9851,4,2
9852,5,2
9853,5,5
9854,4,1
9855,3,5
9856,3,3
9857,2,3
9858,2,3
9859,2,5
9860,5,3
9861,4,4
9862,1,3
9863,4,5
9864,2,5
9865,4,4
9866,2,1
9867,4,2
9868,3,4
9869,1,1
9870,3,5
9871,3,1
9872,3,1
9873,4,1
9874,5,1
9875,3,1
9876,2,4
9877,3,3
9878,3,3
9879,2,5
9880,1,3
9881,5,1
9882,4,4
9883,2,3
9884,3,3
9885,4,4
9886,3,4
9887,4,2
9888,4,3
9889,3,3
9890,4,4
9891,1,3
9892,4,4
9893,5,3
9894,1,1
9895,5,5
9896,3,4
9897,1,5
9898,4,4
9899,5,3
9900,1,3
9901,4,5
9902,5,5
9903,5,3
9904,2,5
9905,3,2
9906,5,1
9907,3,2
9908,5,5
9909,5,4
9910,3,4
9911,2,1
9912,2,3
9913,4,2
9914,3,5
9915,4,2
9916,2,3
9917,4,1
9918,2,5
9919,2,1
9920,1,5
9921,3,3
9922,4,3
9923,1,1
9924,1,5
9925,4,1
9926,5,5
9927,3,4
9928,3,1
9929,2,1
9930,3,2
9931,5,5
9932,3,5
9933,1,2
9934,4,4
9935,4,1
9936,4,2
9937,3,3
9938,1,1
9939,3,2
9940,4,1
9941,1,2
9942,5,5
9943,4,3
9944,5,1
9945,2,3
9946,2,1
9947,1,3
9948,3,1
9949,2,4
9950,5,1
9951,2,5
9952,4,3
9953,1,5
9954,5,5
9955,1,3
9956,1,4
9957,2,2
9958,1,4
9959,2,1
9960,5,2
9961,4,3
9962,2,3
9963,2,1
9964,3,2
9965,5,4
9966,1,2
9967,1,4
9968,1,5
9969,1,5
9970,4,3
9971,1,3
9972,3,4
9973,3,3
9974,2,1
9975,4,4
9976,4,1
9977,1,1
9978,2,1
9979,5,1
9980,1,4
9981,2,1
9982,1,4
9983,1,4
9984,1,2
9985,2,1
9986,2,2
9987,1,1
9988,3,3
9989,1,3
9990,5,3
9991,1,1
9992,3,5
9993,3,2
9994,4,5
9995,3,1
9996,3,5
9997,4,4
9998,1,3
9999,4,2
10000,5,3
